Rank,Team,Current_AdjEM,AdjO,AdjD,AdjT,Games,Preseason_AdjEM,SurpriseZ,CollapseFactor,FinalPreseasonWeight,Blended_AdjEM,WAB,Consistency
1,Michigan,44.81889104690664,125.9,81.1,78.2,13,22.77,2.7561113808633304,0.2875457632150335,3.450549158580402,40.19407386201334,4.700938483088036,17.042378348657568
2,Arizona,35.8519892286415,122.9,87.1,74.7,14,27.16,1.0864986535801875,0.7495477264673193,8.99457271760783,32.45202480495756,4.293616410271506,6.913581765850521
3,Purdue,35.15009501984238,126.5,91.4,67.9,14,27.3,0.9812618774802977,0.7725006988693516,9.270008386432218,32.02287454532558,3.696578000103063,15.772434505529949
4,Iowa St.,32.07620794141994,122.9,90.9,72.6,14,25.07,0.8757759926774922,0.7939773481346946,9.527728177616336,29.238992026743848,3.5929319332562084,11.99040541152006
5,Gonzaga,32.589766811460464,122.5,89.9,73.6,17,21.12,1.433720851432558,0.6636349014733948,7.963618817680738,28.930808089119157,4.110554263637532,19.24455311150119
6,Connecticut,30.32343687900736,117.4,87.1,67.9,15,25.55,0.59667960987592,0.843431419790669,10.121177037488028,28.4002467491177,4.472236943769193,9.641674027303113
7,Vanderbilt,31.962114404123454,123.6,91.7,73.4,14,13.05,2.3640143005154317,0.3924996369393399,4.709995643272079,27.201238017681565,4.33290946132478,15.13847335265162
8,BYU,28.83027148966127,120.3,91.5,73.9,14,23.55,0.6600339362076588,0.8331278660054127,9.997534392064953,26.630474837435862,3.096477465500204,10.306944152935952
9,Illinois,29.597595064888893,123.8,94.2,68.9,14,21.59,1.0009493831111116,0.7683220535288863,9.219864642346636,26.41803550473733,1.8652748030964315,16.822688755859897
10,Duke,29.105409831533095,122.1,93.0,71.4,14,20.84,1.0331762289416369,0.7613669691793605,9.136403630152326,25.841457421440285,3.4554885352592564,14.385998172938034
11,Alabama,26.486813180219926,125.6,99.1,76.1,14,24.81,0.2096016475274909,0.8955264682112203,10.746317618534643,25.75864152658803,2.783077502647126,11.312906709665942
12,Houston,24.398811703756166,115.4,91.0,67.2,14,27.43,-0.37889853703047915,0.874935630260656,10.499227563127873,25.697837790474576,2.6706687868903902,11.375014362644231
13,Louisville,27.227332496387376,123.4,96.2,72.9,14,20.72,0.8134165620484222,0.8059491050325179,9.671389260390216,24.568639974074827,1.4436997548336645,15.835811269596634
14,Michigan St.,23.516319385008828,113.4,89.9,69.2,14,24.95,-0.17921007687389645,0.8988896611777276,10.786675934132731,24.140229110865295,2.5655130542511273,10.258350618151026
15,Texas Tech,23.433519634364842,121.0,97.6,69.8,14,24.7,-0.15831004570439466,0.9011464162475115,10.813756994970138,23.9854477811447,1.888100713355314,12.278817610606053
16,Kansas,25.34728043211794,114.9,89.6,70.7,14,21.87,0.4346600540147425,0.8674281515644185,10.409137818773022,23.86441399409896,1.5950646960455632,12.026895616865307
17,Tennessee,24.721766454948522,116.7,92.0,70.1,14,22.28,0.3052208068685651,0.8842937888495983,10.611525466195179,23.668972431482693,0.3217615717049078,12.738396562428026
18,Saint Mary's,24.632865959108216,121.2,96.6,67.9,16,21.05,0.4478582448885269,0.8655962336882329,10.387154804258795,23.22249096278009,2.0192809604053252,10.649521809439108
19,Florida,22.69146686713121,115.8,93.1,72.5,14,23.9,-0.1510666416085984,0.9019180253644692,10.823016304373631,23.21839613475249,0.1599523468634736,8.144024212606505
20,Arkansas,20.60412441791003,120.1,99.5,74.4,14,26.08,-0.6844844477612462,0.8290087979585635,9.948105575502762,22.87881743014864,1.5251480361431913,12.657069790231134
21,Iowa,26.354531140802223,120.9,94.5,65.5,14,13.15,1.6505663926002778,0.6033205991014726,7.239847189217672,21.853614217388362,-0.00022319738491205499,17.285782638374986
22,St. John's,20.784080141128527,114.3,93.5,74.0,14,21.74,-0.11948998235893393,0.9052193504847402,10.862632205816883,21.201727225282706,-0.6002694529161712,12.790248133486793
23,Kentucky,19.774741782694136,116.6,96.8,70.6,14,21.73,-0.24440727716323307,0.8915537692214491,10.69864523065739,20.621695686680646,-0.046853185566527955,18.637115679466564
24,Nebraska,24.356732444447005,115.7,91.4,70.6,14,14.22,1.2670915555558755,0.7067165530527195,8.480598636632635,20.532743557949818,3.545472983852493,12.861022270320012
25,North Carolina,21.96445374746918,115.7,93.7,70.5,15,18.43,0.4418067184336474,0.8664388300816802,10.397265960980162,20.517500532281375,2.1131752419820167,12.878663497230006
26,UCLA,17.603269195695788,116.9,99.3,69.3,14,24.49,-0.8608413505380264,0.7968934688598804,9.562721626318565,20.398187823576016,0.25917515560599114,10.868610537222965
27,Georgia,22.487723944750215,119.9,97.4,78.3,14,17.19,0.6622154930937767,0.832763597245408,9.993163166944896,20.281219557439748,1.2123253874439222,13.627560568370908
28,SMU,23.641314712146993,120.9,97.3,72.7,14,14.43,1.1514143390183742,0.7346418723383429,8.815702468060115,20.08217775567453,1.8349713900633677,11.712525949608661
29,Virginia,23.885057817493262,120.1,96.2,68.6,14,12.03,1.4818822271866579,0.6506144826309662,7.807373791571594,19.64076556174097,1.4409191466205051,14.693351479339091
30,Creighton,18.295794777291817,115.0,96.7,69.0,15,21.56,-0.40802565283852266,0.8710606217333376,10.452727460800052,19.636313101767534,-0.6492531336861767,15.900647185694469
31,Auburn,18.748331295829544,120.0,101.2,71.2,14,19.97,-0.15270858802130682,0.9017435876403387,10.820923051684064,19.280929661126123,0.7906191439925792,16.783119381714652
32,Villanova,23.454428406276875,118.3,94.8,66.1,14,8.63,1.8530535507846093,0.5439700589421318,6.527640707305581,18.740367803447292,2.2410422846968494,10.041873192164967
33,Utah St.,22.57639342947796,116.2,93.7,72.0,12,13.53,1.130799178684745,0.7394363399737448,8.873236079684938,18.73076143149597,1.834703523722652,15.338162455792018
34,Indiana,21.08803998304998,117.0,95.9,70.8,14,15.2,0.7360049978812477,0.8200658959279608,9.840790751135529,18.65762691444173,0.003640155539002876,16.168122401102085
35,Baylor,19.061662709854204,122.4,103.3,72.1,12,18.06,0.12520783873177566,0.9046290196394744,10.855548235673693,18.585909612594165,0.2856410321011591,13.390147338631484
36,Clemson,18.89666144717178,115.2,96.3,67.3,15,17.24,0.20708268089647275,0.895808936116135,10.74970723339362,18.205056475490718,1.470661058171359,8.612113077450854
37,Ohio St.,17.677935453074213,118.6,100.9,71.0,13,18.15,-0.059008068365723254,0.911265887353973,10.935190648247676,17.893606006727815,0.22544616231805215,9.817514800955855
38,Wisconsin,13.434173359560177,113.2,99.8,72.9,14,22.36,-1.1157283300549778,0.7429056673081768,8.914868007698121,16.906703348927106,-0.4710901457784811,13.453396179613616
39,Oregon,12.170069400764987,112.0,99.9,70.2,14,23.55,-1.4224913249043767,0.6666362725416116,7.99963527049934,16.308105921740854,-1.8609732144671547,11.857729374544798
40,N.C. State,18.36479664303897,115.9,97.6,71.3,15,12.63,0.7168495803798713,0.823432814630143,9.881193775561716,16.08730797410835,-0.572929266007904,17.41164443032472
41,Washington,15.001602894099534,112.9,97.9,70.2,13,17.01,-0.25104963823755844,0.8907806953792472,10.689368344550967,15.907853163623434,-0.7317711396369404,13.115039434622378
42,Texas A&M,12.924992473958696,114.2,101.3,76.8,14,19.59,-0.833125940755163,0.8022233776726156,9.626680532071388,15.640646842330767,-0.28941282661877743,14.81272731313324
43,LSU,18.479199613084035,119.0,100.6,69.9,14,11.11,0.9211499516355044,0.7849281553097454,9.419137863716944,15.515319921832603,0.8977405839554233,13.970016618031101
44,TCU,17.512195176206106,111.6,94.1,69.4,14,12.64,0.6090243970257632,0.8414652257591121,10.097582709109345,15.470604766058154,0.2389939978995912,13.04508969732947
45,Texas,13.994559204869915,117.6,103.6,72.2,13,16.69,-0.33693009939126073,0.880343167814267,10.564118013771203,15.202962364379061,-1.6473987113478277,11.333420648508877
46,Miami FL,18.285947294143398,114.8,96.5,73.1,14,9.02,1.1582434117679248,0.7330412660620247,8.796495192744295,14.710491499732647,0.6246435115580429,12.833305778958252
47,UCF,18.113115207723695,119.3,101.2,72.1,13,9.45,1.082889400965462,0.7503599077524604,9.004318893029525,14.568108778912656,1.9673255059409378,10.333932938943699
48,Saint Louis,19.477756843987848,119.6,100.2,75.0,13,3.61,1.983469605498481,0.5049589557450173,6.0595074689402075,14.432988962752676,0.5951293862260059,15.84370610892972
49,VCU,15.856568838686826,119.0,103.1,72.3,15,12.35,0.4383211048358533,0.8669221256757231,10.403065508108678,14.420558475059355,-0.19416564702466665,7.631651907817513
50,USC,15.413848230774676,115.1,99.7,74.3,13,13.07,0.2929810288468344,0.8857881508988202,10.629457810785842,14.359493277588559,2.010386883187948,9.29575621572967
51,Butler,16.061041877487213,115.8,99.7,73.4,15,11.18,0.6101302346859017,0.8412881210517228,10.095457452620673,14.097485297908463,0.07199545649074679,10.042992265535926
52,Mississippi St.,9.885494902617936,111.1,101.2,71.7,14,21.54,-1.456813137172758,0.6574214321246526,7.889057185495831,14.0859068437418,-1.130891272191926,11.569611674891387
53,San Diego St.,14.352664004913919,114.0,99.6,70.9,12,13.27,0.13533300061423992,0.9035755912659469,10.842907095191363,13.838752830137892,-0.18832212894271905,11.610365691901123
54,Missouri,9.50828938185515,113.0,103.5,70.3,14,21.07,-1.4452138272681063,0.6605493826449718,7.926592591739661,13.68791598595185,0.020185080183255266,15.629974567116378
55,Wake Forest,12.977308531546072,109.3,96.3,73.3,15,13.88,-0.11283643355674111,0.9059021653459843,10.870825984151812,13.35661616853271,-0.46631177451615713,16.562962576916554
56,Northwestern,11.866845790653528,114.1,102.2,70.1,14,14.98,-0.38914427616830904,0.8735840701012251,10.483008841214701,13.199820153089966,-2.6935549494472237,9.151149996725795
57,Oklahoma,15.25927961447924,119.5,104.2,69.4,14,9.66,0.699909951809905,0.8263688580289635,9.916426296347563,12.937660032957382,0.17946766032267902,12.018897585662714
58,Boise St.,15.867171144863576,110.1,94.2,69.4,12,9.23,0.829646393107947,0.8028850241022768,9.634620289227321,12.911416760432893,0.5330057449897669,10.510593393408094
59,Seton Hall,17.243843332793176,108.5,91.2,68.3,15,3.54,1.7129804165991471,0.5852646422202591,7.023175706643109,12.873697043968681,1.6721569536564793,9.686023386524258
60,Mississippi,8.998862978822515,107.9,98.9,68.2,14,18.48,-1.1851421276471856,0.7266773189048679,8.720127826858414,12.637782944355967,-2.2996406176841226,10.11956032515732
61,California,13.687846331911743,111.5,97.9,70.1,14,11.11,0.32223079148896794,0.8821888313100065,10.586265975720078,12.577886529918963,0.5676692338135911,9.972810099548019
62,Colorado,14.832892115691635,118.0,103.1,73.0,14,8.66,0.7716115144614544,0.8136746391783725,9.76409567014047,12.296599129175785,-0.08956870282240104,9.637402659030789
63,Providence,13.275228486039069,117.3,104.1,75.1,14,10.62,0.3319035607548837,0.8809771006561964,10.571725207874357,12.132844478361424,-1.7429282617666182,11.574158059848987
64,Virginia Tech,14.92373726077652,111.5,96.6,71.7,15,7.57,0.9192171575970649,0.7853194402996228,9.423833283595473,12.086328687263684,1.0244545106021228,9.982639561012803
65,Notre Dame,13.005373075955333,110.6,97.6,67.8,15,10.49,0.3144216344944166,0.8831592912468696,10.597911494962435,11.963971661584782,-0.45626732468029196,9.265818427934356
66,Akron,16.053881515875787,121.9,105.8,74.6,12,5.84,1.2767351894844734,0.7043122451560416,8.4517469418725,11.832963757026011,-1.1493174934813357,11.76448511914135
67,West Virginia,10.025900450918044,109.0,98.9,65.2,14,12.84,-0.35176244363524445,0.8784555284746457,10.541466341695749,11.23466015850033,-2.116602683725425,13.42921233497749
68,McNeese,15.684587089056294,116.2,100.6,70.7,12,4.66,1.3780733861320367,0.6783745581499943,8.14049469779993,11.228609513008978,0.3925777762846412,12.990596391910678
69,Murray St.,15.109438056448838,117.1,102.0,74.9,16,1.74,1.6711797570561047,0.597385785334684,7.168629424016208,10.972786497134994,0.31372917636831943,10.055980781604628
70,Stanford,12.295233684748638,111.9,99.6,70.3,15,7.76,0.5669042105935798,0.8480921161106858,10.17710539332823,10.461998669364775,0.09910311751324308,9.86439252548057
71,Dayton,11.149773358900134,107.6,96.5,71.0,15,9.46,0.21122166986251667,0.8953444474703093,10.744133369643711,10.444558307695436,-0.8936210338662178,10.925573334232787
72,Northern Iowa,13.23741697490884,102.7,89.5,65.0,14,6.09,0.893427121863605,0.790490980166756,9.485891762001073,10.350593494287567,-0.3091426318789452,7.6613341095509
73,Colorado St.,11.225391299293833,118.8,107.6,64.4,13,8.7,0.31567391241172915,0.8830041364366604,10.596049637239926,10.091338270411438,-0.704424197687425,17.344429662431445
74,Illinois St.,14.659425846316054,111.4,96.7,69.7,14,0.98,1.7099282307895067,0.5861533919341031,7.033840703209237,10.08494495754191,-0.31385988516200314,13.897574737802463
75,Nevada,12.74919414177316,113.4,100.7,68.8,14,6.05,0.837399267721645,0.801408504018207,9.616902048218483,10.021254053276605,0.3574919940938983,14.76364624812258
76,Kansas St.,11.079933448053382,113.1,102.0,75.8,14,7.85,0.40374168100667274,0.8716369012821674,10.459642815386008,9.69872152933905,-0.7699952639200607,16.69877170698344
77,Pittsburgh,8.114530733315291,110.6,102.5,67.2,15,11.88,-0.4706836583355887,0.8623776103436303,10.348531324123563,9.651782582665131,-3.880947328486304,15.216361403469353
78,Oklahoma St.,8.368462739958872,112.1,103.7,77.3,14,11.31,-0.36769215750514106,0.8763997127590867,10.51679655310904,9.630273142073554,0.9323040924103658,9.14694139288
79,New Mexico,13.897056562199708,110.6,96.7,70.5,13,2.2,1.4621320702749636,0.6559824846733282,7.871789816079938,9.48551488150027,0.27435002601171554,12.622600472245345
80,Cincinnati,10.608922809139827,102.8,92.1,72.0,14,7.98,0.3286153511424783,0.8813902270552457,10.576682724662948,9.47755439903301,-2.6250358796832014,12.010625727102168
81,Syracuse,7.489045048595969,106.3,98.8,70.3,14,11.98,-0.5613693689255039,0.8489458161111642,10.18734979333397,9.380568071455917,-1.4119941958412277,12.377313468466621
82,Tulsa,14.30949261611822,119.4,105.1,70.7,13,-5.3,2.4511865770147776,0.3678564108098874,4.414276929718649,9.338759050310765,0.30424305093746895,15.059700477938595
83,Wichita St.,13.893591810311946,114.0,100.1,68.0,14,0.24,1.7066989762889933,0.5870930907773971,7.045117089328766,9.322880581419659,-2.5210591209414446,11.978629213236648
84,South Carolina,9.73950104505235,111.8,102.0,67.8,14,8.76,0.12243763063154378,0.9049154349515439,10.858985219418527,9.311632116504136,-2.1856407649479177,7.648468463320406
85,Yale,11.338057092049723,120.9,109.6,68.7,11,6.95,0.5485071365062154,0.8509144682314287,10.210973618777144,9.225644149112366,0.45570700937644304,14.459148630018667
86,Santa Clara,11.612320022984193,114.0,102.4,72.6,16,5.23,0.797790002873024,0.8088649923874435,9.706379908649321,9.202442667175713,-0.4617089638073306,15.861249074257794
87,Memphis,10.497456108013367,106.0,95.5,71.6,14,6.94,0.4446820135016708,0.86603904111826,10.39246849341912,8.981793577621058,-2.1710886746199414,8.878531573756165
88,Belmont,13.05245047878428,113.6,100.6,72.3,15,0.91,1.517806309848035,0.6407526674072135,7.689032008886562,8.93752436112863,-0.7784724570288741,13.66783174425644
89,Arizona St.,9.003002921194039,111.6,102.6,73.0,14,8.59,0.051625365149254865,0.9119796438459725,10.94375572615167,8.821803139839703,-0.686288024494953,8.600044394043731
90,Minnesota,8.941269548276608,107.8,98.9,66.2,14,8.08,0.10765869353457602,0.9064304732570916,10.877165679085099,8.564692421613358,-1.490950409186656,17.196063492960292
91,George Washington,11.610140653971087,116.9,105.3,72.7,14,2.42,1.1487675817463858,0.7352605715063145,8.823126858075774,8.057350655572826,-0.9207152884221177,13.395810462467393
92,DePaul,5.928180901888169,105.3,99.3,70.5,15,10.65,-0.5902273872639789,0.844451159954251,10.133413919451012,7.8319472396918,-1.900737127723092,14.405089309210602
93,UC San Diego,10.573839213041538,113.5,103.0,70.6,13,3.02,0.9442299016301923,0.7802157529828133,9.36258903579376,7.4112585261196875,-0.6184875518496682,9.949877699997598
94,George Mason,7.9418443820459,110.6,102.7,68.0,14,6.15,0.2239805477557375,0.8939010884317318,10.726813061180781,7.164518987407457,0.6541245079375066,11.155938425238743
95,South Florida,11.676282781909109,112.0,100.3,76.7,13,-1.27,1.6182853477386385,0.6125532797362117,7.35063935683454,7.000092807098768,-2.396776452073256,12.460571111024509
96,Liberty,6.086327087982724,113.0,106.9,67.1,11,7.86,-0.22170911400215954,0.8941593236141314,10.729911883369578,6.962140766289908,-0.6732570298682585,14.495830134355172
97,Miami OH,11.201756849113607,115.4,104.2,72.9,12,-0.43,1.453969606139201,0.6581895177231074,7.898274212677289,6.584733071697016,1.5505369420538333,7.156532877769988
98,Xavier,4.451754543170921,108.6,104.2,73.5,15,9.69,-0.6547806821036348,0.8340024320970216,10.00802918516426,6.548061814041341,-1.7267356457952427,14.771089465223463
99,Utah Valley,11.026452880861171,109.6,98.6,72.8,13,-1.3,1.5408066101076465,0.6343750054800777,7.612500065760933,6.474112162035772,-0.9294864439488606,15.007377888308493
100,UAB,6.225923051208781,108.2,101.9,73.4,14,6.79,-0.07050961859890237,0.9101435107708402,10.921722129250082,6.4731247358380415,-2.052540180911139,12.997173309610435
101,Maryland,1.5761392951077084,105.0,103.4,70.4,14,19.67,-2.2617325881115367,0.42211938897403867,5.065432667688464,6.383438174534518,-2.023501373638144,10.68323450901092
102,Georgetown,2.9542083110884363,111.3,108.3,69.6,14,10.4,-0.9307239611139455,0.7829823124596785,9.395787749516142,5.94445078914183,-1.7632756888638177,8.500893628270617
103,Florida St.,4.78010020916949,109.2,104.4,75.5,15,7.31,-0.31623747385381373,0.8829342539660914,10.595211047593097,5.827359486042361,-3.390203044975708,17.914219068543414
104,Georgia Tech,3.7956559826121605,104.6,100.8,73.3,15,8.23,-0.55429300217348,0.8500315333754784,10.200378400505741,5.590549147171428,-2.3864631639999043,10.54592779710496
105,Hawaii,10.850684652869845,104.1,93.3,71.4,12,-4.99,1.9800855816087306,0.5059740412149445,6.071688494579334,5.528564211166862,-1.3730808829204104,14.192275510363771
106,San Francisco,5.782951231037629,107.2,101.4,68.5,16,5.08,0.08786890387970359,0.9084252739610899,10.901103287533079,5.498095108456552,-2.3352411146839405,11.315903046870382
107,Florida Atlantic,9.149819661019052,111.8,102.6,73.5,13,0.06,1.1362274576273814,0.7381793425517296,8.858152110620754,5.466113700518658,-2.701387850315685,13.212759327966154
108,UC Irvine,6.065130913357933,103.5,97.4,69.7,14,4.39,0.2093913641697417,0.8955500744886191,10.74660089386343,5.337678951448503,-2.737083238232877,11.05345424530654
109,Utah,3.4438384580809895,111.5,108.0,72.0,14,7.2,-0.46952019273987633,0.8625432260869829,10.350518713043794,5.040445938480261,-2.6390830809180414,6.368752710979071
110,UNC Wilmington,5.423115538972638,107.9,102.5,66.5,14,4.19,0.15413944237157973,0.9015913506413262,10.819096207695914,4.88557800981745,-1.013417353447629,9.786643786882747
111,Grand Canyon,5.413529158349775,104.6,99.2,69.5,13,4.12,0.16169114479372182,0.9007843952582204,10.809412743098644,4.826270215061112,-2.2185533510665305,10.659590086758588
112,High Point,9.05838156442097,116.9,107.8,71.6,14,-2.81,1.4835476955526212,0.650160042305286,7.801920507663432,4.8112250128831,-1.7131347944796342,15.93063290490654
113,Penn St.,1.7041248096190174,109.4,107.7,70.6,14,9.23,-0.9407343987976229,0.7809341944267278,9.371210333120734,4.721793058059187,-2.00426327277542,15.302548703527748
114,East Tennessee St.,8.29292192235765,111.1,102.8,68.8,13,-0.68,1.1216152402947062,0.7415540962104394,8.898649154525273,4.646720573837066,-2.962596252847989,14.602515992329575
115,Marquette,0.293435315811692,104.1,103.8,73.4,15,20.99,-2.5870705855235383,0.33081866261009113,3.969823951321094,4.624615109793656,-4.96285782362148,9.918011184894883
116,Seattle,8.31654339597209,104.0,95.7,71.6,15,-1.99,1.2883179244965113,0.7014094325855541,8.41691319102665,4.611986763943904,-1.4190983561720678,10.882843914273245
117,Hofstra,9.453548466433034,112.2,102.7,68.4,13,-4.86,1.7891935583041292,0.5629068250980989,6.754881901177186,4.559247910185746,-1.0426240907578048,9.83188099333233
118,William & Mary,9.83671835222971,109.9,100.1,76.3,12,-6.93,2.0958397940287137,0.47127971123448037,5.655356534813764,4.466010034122988,-0.3089268071672482,10.348748389327767
119,North Texas,4.902130761142459,99.5,94.6,66.5,13,3.14,0.22026634514280735,0.8943230614872312,10.731876737846774,4.105271316209036,-2.102793938930054,11.069860943032108
120,Bradley,3.473068472489487,106.8,103.3,70.1,15,4.62,-0.14336644093881412,0.9027324043796505,10.832788852555806,3.954025721696107,-2.9987414603005202,12.077805202477698
121,Middle Tennessee,8.545596795998492,109.2,100.7,67.2,11,-2.54,1.3856995994998114,0.6763746197210325,8.11649543665239,3.838866103364465,-1.1604541585374166,14.481748232366131
122,Richmond,7.129362482408226,111.4,104.2,70.9,14,-1.36,1.0611703103010282,0.7552100871652423,9.062521045982908,3.7934294328337086,-1.9001652350747698,10.877544475999233
123,St. Thomas,6.3723418880896645,109.3,102.9,71.6,13,0.2,0.771542736011208,0.8136871517085902,9.764245820503081,3.724845284920243,-1.5211831668556606,12.467782277283018
124,Wyoming,8.358807311691336,110.3,101.9,71.0,13,-7.37,1.9661009139614172,0.5101683236611475,6.1220198839337705,3.3231431037672885,-1.5734712395522017,16.230109014687763
125,UNLV,2.2252110510178653,105.6,103.4,75.5,12,4.21,-0.24809861862276683,0.8911247461327708,10.69349695359325,3.160471695195729,-2.6326836241063383,18.21772419072336
126,Southern Illinois,7.010894528408556,106.5,99.5,73.5,15,-4.15,1.3951118160510696,0.673897400595786,8.086768807149431,3.1014876085337817,-3.534182589509438,9.483124878458169
127,Stephen F. Austin,8.199799124546857,107.4,99.2,69.6,12,-7.92,2.0149748905683573,0.4955076537164507,5.946091844597409,2.858814193620424,-0.7217070861564423,9.537788849954136
128,Boston College,-0.7351860154517595,96.6,97.3,69.3,14,8.15,-1.11064825193147,0.7440682767665594,8.928819321198713,2.7248360404533285,-4.9012815691209735,9.347416378464384
129,Troy,2.596737989902607,107.6,105.0,69.4,13,2.65,-0.006657751262174105,0.9162160469966031,10.994592563959237,2.621143242819379,-2.0672467679529394,11.620313748538662
130,Rutgers,-2.0879278161117725,103.6,105.7,68.6,14,10.34,-1.5534909770139715,0.6308373724851187,7.570048469821424,2.273676474163006,-2.76587324308276,10.247390946938443
131,Montana St.,5.473820366647658,109.7,104.3,68.4,12,-1.97,0.9304775458309572,0.7830325536160279,9.396390643392333,2.2048090081425786,-3.5303623378488904,9.040657067104018
132,Washington St.,3.2457709028261945,106.8,103.5,70.2,16,0.2,0.3807213628532743,0.8746960824140784,10.49635298896894,2.039209134385685,-5.156371492049832,8.657692147086848
133,Sam Houston St.,6.4858051587885654,109.9,103.4,75.4,11,-3.87,1.2944756448485708,0.6998595680425572,8.398314816510688,2.0023583890760217,-2.6222197223716783,8.996743756685113
134,Drake,-0.35731121102372754,108.5,108.8,67.4,13,4.68,-0.6296639013779659,0.8381332075179214,10.057598490215057,1.8399364187429008,-4.571161817465208,12.891000055261792
135,Loyola Marymount,4.759272661451888,104.0,99.3,70.0,16,-3.8,1.069909082681486,0.7532662815652452,9.039195378782942,1.6693595585453165,-3.5266358763255017,12.526050289017231
136,Lipscomb,3.5716546972722796,106.3,102.7,72.8,13,-1.7,0.658956837159035,0.8333074821428281,9.999689785713937,1.2796711043949558,-2.1109460586323667,16.970489104165004
137,Columbia,6.466103184643842,107.5,101.1,71.2,12,-8.19,1.8320128980804802,0.5502261617938404,6.602713941526085,1.264170975726902,-0.8435745553922356,12.664992421398175
138,Wright St.,5.462194375039658,107.5,102.0,68.0,14,-6.5,1.4952742968799573,0.6469526316733017,7.7634315800796205,1.1950512438416903,-4.450340356530587,11.920264216302204
139,Cornell,1.9434299145634526,117.6,115.6,76.3,11,0.1,0.23042873932043156,0.8931649777444304,10.717979732933165,1.0336839480261972,-3.3901268894333754,10.25037925907003
140,Oakland,4.013496125251962,116.4,112.4,73.9,15,-3.94,0.9941870156564951,0.769763375567434,9.237160506809207,0.9822945008456128,-1.9271875470893356,11.702924155369226
141,Pacific,5.211233695275098,107.6,102.4,68.4,15,-7.97,1.647654211909387,0.6041566450446565,7.249879740535878,0.9162729926990836,-2.417059635206316,15.476432527137774
142,Cal Baptist,3.709316288303228,104.8,101.1,68.6,16,-3.93,0.9549145360379034,0.7780092253928784,9.33611070471454,0.894302436841945,-2.124256347847897,8.027871290353382
143,St. Bonaventure,4.345444212577263,110.8,106.5,69.4,13,-4.13,1.0594305265721577,0.7555958375048919,9.067150050058704,0.8629770955271732,-0.3390331391159993,6.866812332414167
144,Northern Colorado,0.8186547703867149,109.3,108.5,71.8,12,0.58,0.029831846298339362,0.9140564609029583,10.9686775308355,0.7046853346604671,-2.1166754099030474,9.609660656957582
145,Rhode Island,2.4635427957225886,101.7,99.3,68.8,15,-1.93,0.5491928494653235,0.8508100514248205,10.209720617097846,0.684195648449262,-3.173193092740746,13.299245267037493
146,Davidson,3.626022062570698,107.5,103.9,66.5,13,-3.52,0.8932527578213372,0.7905256308195461,9.486307569834553,0.6113268763628581,-1.9818883344483176,14.418233067352254
147,Furman,-0.13635013262347684,105.8,106.0,69.0,12,1.2,-0.1670437665779346,0.9002088670842334,10.802506405010801,0.4967351348728137,-2.597157409674372,8.637536591293646
148,Kennesaw St.,-1.824758731480273,102.0,103.8,77.1,11,2.54,-0.5455948414350341,0.8513572658858136,10.216287190629764,0.2770052726526159,-3.7003811933855655,10.724639375777054
149,Temple,0.8890524420346821,110.5,109.6,69.6,14,-0.64,0.19113155525433528,0.8975820120436574,10.770984144523888,0.22418585808258762,-2.643080482649566,10.252292858129767
150,New Mexico St.,1.3485107094370932,108.3,106.9,70.6,10,-0.9,0.28106383867963664,0.8872269473608452,10.646723368330143,0.1890399746848293,-3.042722113812017,13.947994275022392
151,Charleston,-0.5113421418887611,104.6,105.1,70.6,14,0.96,-0.18391776773609514,0.898375061241892,10.780500734902704,0.12875005042049914,-3.269464471000205,11.252971449567307
152,Duquesne,1.3802784679290596,108.2,106.8,74.1,13,-1.59,0.37128480849113243,0.8759319532534503,10.511183439041403,0.052351189305004486,-2.932824030070293,8.60649172298303
153,South Dakota St.,0.6832222271082031,109.2,108.6,70.6,14,-0.81,0.1866527783885254,0.8980750302887555,10.776900363465066,0.03373391638368972,-5.424399626133615,11.802159018196987
154,Arkansas St.,1.2124852769125596,108.4,107.1,75.2,13,-1.61,0.35281065961407,0.8783211611262399,10.539853933514879,-0.0512686372865474,-1.7757685319662464,11.239345658245693
155,Bowling Green,4.6802108695981985,106.7,102.1,71.4,12,-7.63,1.5387763586997747,0.634939904259912,7.619278851118944,-0.10054228872671578,-2.0170574596185684,15.359523107037104
156,Marshall,1.9848757176868617,108.6,106.6,72.9,14,-3.15,0.6418594647108578,0.8361379426327366,10.033655311592838,-0.15885033443330832,-2.340812999541267,9.845141264519082
157,Portland St.,3.471502829070772,104.2,100.8,72.1,10,-4.04,0.9389378536338465,0.7813027859113342,9.37563343093601,-0.16322205834180958,-2.272782012637543,4.9669183043274
158,Idaho St.,4.589881471327118,113.6,109.0,66.4,12,-7.74,1.5412351839158898,0.6342557114207579,7.6110685370490945,-0.19535359909618943,-4.029450523978481,10.25241871477183
159,UC Santa Barbara,-2.218527836046391,108.0,110.3,67.1,13,2.36,-0.5723159795057988,0.8472535734604149,10.167042881524978,-0.20920411348956347,-3.864478989637554,10.658045906331678
160,Quinnipiac,1.5244448742412686,104.3,102.8,73.1,15,-3.2,0.5905556092801586,0.8443994172423948,10.132793006908738,-0.38031047746509794,-1.7472689327672022,12.280252188188406
161,Montana,-1.0762706625179277,105.2,106.2,73.9,11,0.16,-0.15453383281474095,0.9015493521994508,10.81859222639341,-0.46327473498711147,-3.2202220805731905,12.359709152248286
162,Marist,3.8855453955109027,99.9,96.0,69.5,13,-7.75,1.4544431744388628,0.6580616563866886,7.896739876640263,-0.5114503011193454,-3.526669185717136,12.847750176600176
163,Tulane,-1.6756144357131433,105.1,106.8,68.9,14,0.84,-0.3144518044641429,0.8831555553457762,10.597866664149315,-0.5917746567556653,-1.881136060164918,11.095805132624065
164,Kent St.,-2.6729975940374544,104.5,107.1,76.4,12,1.65,-0.5403746992546818,0.8521482411054122,10.225778893264946,-0.6840451363965192,-0.9905200018215812,11.252843702826155
165,North Dakota St.,2.050188778794791,105.7,103.6,70.1,14,-4.85,0.8625235973493488,0.7965665384373838,9.558798461248605,-0.7495089218142079,-3.00463311696506,12.64162603698024
166,UT Arlington,3.1448262151456703,100.3,97.2,68.4,13,-6.88,1.2531032768932087,0.7101836326455934,8.52220359174712,-0.8247306015232041,-2.366400483095287,11.75854719376348
167,Southern Mississippi,-1.6109417637541554,104.9,106.5,70.7,14,0.0,-0.20136772046926943,0.8964472898019363,10.757367477623236,-0.9109686121895919,-3.8667306833788935,8.183347813287174
168,Florida Gulf Coast,-1.19208109097805,109.1,110.3,71.8,13,-1.37,0.022239863627743772,0.9147694527267615,10.977233432721137,-1.2735357509541143,-4.769734811208544,11.300717828868752
169,Idaho,2.5085404978795367,108.0,105.5,67.9,11,-6.63,1.142317562234942,0.7367644401954212,8.841173282345054,-1.5635684918329662,-2.493320489473282,12.217151008241517
170,Milwaukee,-3.317370823727259,104.7,108.0,71.4,14,0.74,-0.5071713529659074,0.8570981460742229,10.285177752890675,-1.5990066200120903,-3.7599061411663826,9.23632741418317
171,Nicholls,0.19780639962104374,107.2,107.0,71.4,13,-4.1,0.5372257999526304,0.8526236897765408,10.23148427731849,-1.6950101798005919,-4.111514492828649,10.137553580936999
172,Western Kentucky,1.7375746298298083,105.0,103.3,75.0,12,-6.41,1.018446828728726,0.7645634929461365,9.174761915353638,-1.7926684829421928,-2.234787245781023,10.486060115017018
173,Harvard,-0.45755526397687163,105.8,106.3,67.5,13,-3.47,0.37655559200289107,0.8752429533518399,10.502915440222079,-1.8037479272345702,-4.52061024822561,13.536940385546094
174,CSUN,-3.6892973224502725,104.7,108.4,76.7,14,0.77,-0.557412165306284,0.8495537586337045,10.194645103604454,-1.8103297484617014,-4.060254180963588,14.987132806639893
175,Mercer,3.473278568236438,107.0,103.5,72.9,12,-13.05,2.065409821029555,0.48038712217087426,5.764645466050491,-1.8885420807995708,-2.9572430877557965,11.181599983028752
176,Buffalo,2.424730529853491,112.6,110.2,68.7,13,-11.66,1.7605913162316864,0.5713326539881745,6.8559918478580935,-2.438526789743474,-0.8777414433006498,9.468825462140162
177,Charlotte,1.3919118591593218,111.4,110.0,65.6,14,-8.91,1.2877389823949152,0.701554912582559,8.418658950990707,-2.4766639854094863,-5.115008193706046,9.20899686839783
178,Robert Morris,-2.368252571251503,107.3,109.7,67.5,15,-2.74,0.04646842859356215,0.9124751329507234,10.94970159540868,-2.525114622196116,-3.3269379151840095,8.759154443289162
179,Vermont,-1.0380942052935467,111.5,112.5,67.1,14,-4.61,0.4464882243383067,0.865787383587234,10.389448603046807,-2.5596592178126016,-5.100526077936243,11.47388029189106
180,Incarnate Word,0.8859509282806783,108.9,108.0,69.3,11,-6.75,0.9544938660350848,0.7780963982960719,9.337156779552863,-2.619852353425472,-2.85600258691259,13.502447460568254
181,Jacksonville St.,-3.999020696888209,103.3,107.3,66.7,11,-1.39,-0.3261275871110262,0.881701961376565,10.58042353651878,-2.71987323521269,-5.303002586344936,11.165408889098924
182,Elon,1.974504573092105,115.4,113.4,70.8,13,-11.07,1.6305630716365132,0.6090508625368942,7.308610350442731,-2.719918112368504,-3.457419450116319,14.623217208114728
183,Toledo,-2.1867209255958784,108.6,110.8,72.7,12,-3.4,0.1516598843005152,0.9018550320919164,10.822260385102997,-2.7620549127398037,-3.3914421756639523,9.200623027339295
184,FIU,2.7855799373024723,109.1,106.4,74.7,11,-12.8,1.9481974921628091,0.515535749851501,6.186428998218012,-2.824607245164006,-2.26063380430981,10.397795180625229
185,Texas A&M Corpus Chris,-1.2884829222874572,99.4,100.7,68.3,10,-4.33,0.38018963471406786,0.8747660003961674,10.497192004754009,-2.8461298791526617,-3.3202136886379687,10.260853177315552
186,Towson,-3.875034369583375,99.3,103.2,65.5,14,-1.66,-0.27687929619792184,0.8877283940137288,10.652740728164746,-2.9178918310181654,-3.881820839985899,12.139208176400485
187,Fordham,-1.4640386474368654,102.2,103.7,65.8,12,-4.79,0.41574516907039183,0.8700166288581382,10.44019954629766,-3.011426857260612,-4.812880201029579,16.473779828141303
188,Oregon St.,-4.3453049538372,105.2,109.5,67.1,17,-1.0,-0.41816311922965,0.8696881479351922,10.436257775222307,-3.0728112660682125,-5.959526888774226,15.254793154742583
189,Saint Joseph's,-7.215840768445972,101.0,108.2,69.7,13,3.35,-1.3207300960557464,0.693200296974316,8.318403563691792,-3.0930682897725936,-4.3515595202628194,8.851223129674892
190,South Alabama,-4.434645820652079,102.0,106.4,66.6,14,-1.34,-0.38683072758150994,0.8738903481697109,10.48668417803653,-3.1093306767924807,-2.9392287971440396,10.009488640356116
191,Austin Peay,-1.7629867359476918,99.9,101.7,73.3,11,-4.59,0.3533766580065385,0.878248554469679,10.538982653636147,-3.1462388714155143,-2.7177843336797096,9.670530090776735
192,Ohio,-2.306552020290809,103.0,105.3,72.1,13,-4.52,0.2766809974636488,0.8877521083604144,10.653025300324973,-3.3034611695179583,-3.759640011438636,11.49360507118136
193,Tarleton St.,1.018831485320291,106.4,105.4,73.2,12,-9.96,1.3723539356650365,0.6798701821867681,8.158442186241217,-3.4244762424268904,-1.4838288708992007,11.458498201470602
194,Colgate,-1.5653597268712502,106.2,107.8,69.7,13,-5.91,0.5430800341410937,0.8517387539153488,10.220865046984185,-3.4776908058165064,-3.237233275258655,8.050636774676347
195,LIU,-0.2421329298946091,107.3,107.5,71.7,15,-9.23,1.123483383763174,0.7411242243474587,8.893490692169504,-3.5875424876799564,-3.1486073049423506,10.62618037828014
196,Siena,-2.5145571280664427,101.9,104.4,68.1,15,-5.19,0.3344303589916947,0.880658791887423,10.567905502649076,-3.6203898856773646,-2.9700199445972384,9.51015282361609
197,James Madison,-3.589043433708497,108.2,111.8,68.1,14,-3.93,0.04261957078643791,0.9128432943615202,10.954119532338243,-3.738713269891363,-3.8199868582428635,10.461534267196383
198,San Diego,-3.9637999415325,103.8,107.8,72.5,15,-3.47,-0.06172499269156245,0.9110019038172716,10.93202284580726,-3.755631366555158,-5.978100220606413,13.319413082805294
199,Lamar,-2.797024295777561,102.0,104.8,68.3,12,-4.9,0.2628719630278049,0.8893927850565956,10.672713420679147,-3.7869568462126604,-4.275909803530714,9.3710318464935
200,Utah Tech,-1.3153203156076927,105.4,106.7,68.8,13,-7.08,0.7205849605490384,0.8227801597703143,9.873361917243772,-3.8036632652324016,-3.1788464626306485,7.184370221256249
201,Missouri St.,-1.3243908247927578,103.8,105.1,67.7,11,-6.59,0.6582011469009053,0.8334334080768933,10.001200896922718,-3.8319814842223208,-3.212958066976114,15.41846058042439
202,Weber St.,0.015080401481270655,108.5,108.4,72.8,13,-9.77,1.2231350501851588,0.7175290943059461,8.610349131671354,-3.883651545183604,-5.147990213018662,9.309552173102128
203,UC Davis,-0.36253711912888775,108.3,108.7,71.5,12,-8.9,1.067182860108889,0.7538738000731122,9.046485600877347,-4.032225089105489,-2.898856644434968,13.634508187120247
204,Massachusetts,-2.368478847745365,102.2,104.5,75.1,14,-6.49,0.5151901440318294,0.8559155128102317,10.270986153722781,-4.112622510428385,-4.664683305939798,9.413077426039044
205,Fresno St.,-0.13041128381891554,102.1,102.2,70.6,13,-10.2,1.2586985895226355,0.7087997130187255,8.505596556224706,-4.112995951164894,-5.39214383629098,10.343275843912863
206,Appalachian St.,-2.798686982673246,102.9,105.7,66.0,14,-5.92,0.39016412716584425,0.8734488556744443,10.481386268093331,-4.135036445892494,-4.684207530380066,18.015194030328548
207,Monmouth,-3.5228052990747187,102.2,105.8,68.9,14,-4.99,0.18339933761566019,0.8984318446979647,10.781182136375577,-4.16111598228388,-5.837925718807325,10.453069686752132
208,Southeast Missouri,-3.478960152576292,103.9,107.4,72.4,12,-5.07,0.19887998092796355,0.8967240848867074,10.76068901864049,-4.231164314777633,-4.19043816639312,12.594886741039971
209,Radford,-7.486275812843857,101.8,109.3,76.6,13,-0.1,-0.9232844766054822,0.7844954295095915,9.413945154115098,-4.384010909580592,-4.865720719922793,12.45823083357655
210,Indiana St.,-2.8137256547874046,102.6,105.4,71.5,14,-6.51,0.4620342931515744,0.8636048171549794,10.363257805859753,-4.385988455840657,-4.572652271986678,11.353575620851473
211,UT Rio Grande Valley,-1.6811654293148592,101.8,103.5,70.5,12,-7.75,0.7586043213356426,0.8160294589848835,9.792353507818603,-4.408184953630943,-5.524200354358099,12.118907681582266
212,Louisiana Tech,-7.715468060962252,97.0,104.7,65.3,11,-0.68,-0.8794335076202815,0.793258477965441,9.519101735585291,-4.451614842981686,-3.9814787289124904,15.89044406944937
213,Iona,-4.2014934078979564,101.5,105.7,74.9,16,-4.91,0.08856332401275546,0.9083559287945945,10.900271145535134,-4.48858768737674,-3.264291557457078,15.688438202071442
214,Winthrop,-2.8838492206485284,110.3,113.2,71.5,14,-6.91,0.503268847418934,0.8576707663746855,10.292049196496226,-4.589647754086938,-4.4222109918059616,14.147538099313339
215,Youngstown St.,-4.590459803582888,102.3,106.9,69.4,14,-4.84,0.031192524552138945,0.9139281047873324,10.96713725744799,-4.700073555337331,-5.7025250951578474,11.048191002806357
216,Northern Kentucky,-3.7612727521676987,102.9,106.7,73.7,14,-5.98,0.2773409059790377,0.8876731736110576,10.652078083332691,-4.7199771587348085,-2.8235492126990174,10.171619863108427
217,Navy,-2.662182428826057,102.5,105.1,69.8,13,-7.69,0.6284771963967429,0.8383263090311367,10.05991570837364,-4.855573835921405,-3.034473681128256,14.135342110732816
218,Northeastern,-5.229104960393158,107.0,112.2,71.6,14,-4.66,-0.07113812004914477,0.9100818113348029,10.920981736017636,-4.97970929275186,-6.247046469841925,14.35859348245252
219,Brown,-6.630590778538192,96.7,103.3,69.6,11,-3.66,-0.37132384731727397,0.875926862102672,10.511122345232064,-5.179051309341042,-5.614886644709387,14.175862190392065
220,Wofford,-4.602088450857735,104.3,108.9,70.6,13,-5.91,0.1634889436427831,0.9005914213100755,10.807097055720906,-5.195807501055085,-2.4671745517229393,11.649668747125023
221,Illinois Chicago,-5.879620675718073,102.2,108.0,69.7,13,-4.66,-0.15245258446475907,0.9017708032213745,10.821249638656493,-5.325585098382318,-7.088578452601819,8.354932844786939
222,Cal Poly,-5.465118468184826,101.6,107.1,76.9,14,-5.18,-0.035639808523103333,0.913507369534756,10.962088434417073,-5.339908837959406,-6.184712135571285,9.052791276589252
223,Abilene Christian,-4.760220184743616,102.0,106.8,67.9,12,-6.1,0.16747247690704792,0.9001626428368525,10.80195171404223,-5.394913085305078,-2.7547282586913333,14.72431131987966
224,Samford,-7.537724851522611,102.0,109.6,69.3,13,-2.81,-0.5909656064403264,0.8443347633279008,10.13201715993481,-5.466941789592168,-4.162057015618281,15.160754941818805
225,Penn,-2.5316973727421157,105.3,107.9,72.6,12,-9.16,0.8285378284072356,0.8030954698984925,9.63714563878191,-5.483931406898253,-3.466047124316736,11.185447778265607
226,Tennessee Martin,-2.5883322421708073,101.2,103.8,67.8,12,-9.23,0.8302084697286491,0.8027782567526258,9.63333908103151,-5.5458709436661735,-2.116033482353968,14.685506676482175
227,San Jose St.,-4.718526316269802,107.8,112.5,67.9,13,-6.77,0.2564342104662747,0.8901504652916333,10.6818055834996,-5.643854538056235,-5.025301368962959,10.305917852624042
228,Valparaiso,-2.9893852529393996,100.3,103.3,69.2,14,-9.49,0.8125768433825751,0.8061066499562615,9.673279799475138,-5.645640146623613,-4.805629820631431,13.002060111643022
229,Queens,-6.1807926511410045,111.0,117.2,72.5,14,-4.96,-0.15259908139262557,0.901755230045069,10.821062760540828,-5.648572333943113,-3.6124113534657116,12.593790775662422
230,Georgia Southern,-2.736095115361948,106.9,109.6,74.7,15,-10.71,0.9967381105797566,0.7692203778797309,9.23064453455677,-5.773747763746448,-3.359801217472434,10.625641601456978
231,UNC Asheville,-7.216732648708799,102.9,110.1,67.4,13,-4.18,-0.3795915810885999,0.87484459970195,10.498135196423402,-5.860027972569634,-6.9776374927404685,11.382593903615223
232,New Orleans,-2.7826313014729323,106.8,109.6,72.7,14,-11.17,1.0484210873158835,0.7580273374679226,9.096328049615071,-6.085938086472757,-4.83120854404625,18.379297654946555
233,Eastern Michigan,-2.366016822401974,101.8,104.2,68.7,14,-12.88,1.3142478971997533,0.694852117662893,8.338225411954717,-6.290588273158091,-4.072904896301857,13.14986249058406
234,Dartmouth,-7.0815533416863445,102.2,109.3,73.6,11,-5.63,-0.18144416771079308,0.8986457405992566,10.783748887191079,-6.3629815837134664,-4.748123692800096,17.58363404429602
235,Delaware,-9.752969628723676,99.0,108.7,65.1,13,-1.62,-1.0166212035904594,0.7649576128804878,9.179491354565855,-6.386953555571172,-5.908606021644836,18.706052713953554
236,Lindenwood,-2.4614549053489583,102.0,104.5,75.6,12,-11.92,1.1823181368313802,0.7273498740629408,8.72819848875529,-6.444244777114336,-2.160028540190991,13.205848755846796
237,Eastern Kentucky,-9.350513327974,104.4,113.8,70.4,13,-2.65,-0.8375641659967499,0.8013770092907608,9.616524111489131,-6.501461561213646,-7.505707961609158,10.129163009667487
238,Nebraska Omaha,-9.264303227167588,100.9,110.2,70.4,13,-3.21,-0.7567879033959485,0.8163564621217577,9.796277545461093,-6.662578685104208,-6.313026881022889,9.861714252236418
239,American,-7.855415583798418,102.5,110.3,70.7,13,-5.95,-0.23817694797480227,0.8922745160237371,10.707294192284845,-6.994843092951559,-2.9499712527527766,13.277349762340325
240,Hampton,-7.743070602187103,99.4,107.1,68.8,14,-6.04,-0.2128838252733879,0.8951574017625487,10.741888821150583,-7.0036688857092155,-5.914134288831116,9.655091301311886
241,Central Arkansas,-2.1406647972454635,105.0,107.2,71.7,13,-16.79,1.831166900344317,0.5504773872782415,6.605728647338898,-7.076443260467253,-3.7229361327441097,18.935806021680442
242,Old Dominion,-8.962796756344218,100.7,109.6,72.4,15,-4.74,-0.5278495945430273,0.8540319055489282,10.248382866587137,-7.248752805273239,-7.86867565194324,8.897252266553291
243,Chattanooga,-12.425927716867463,101.2,113.6,68.1,12,0.92,-1.6682409646084329,0.598233685212951,7.178804222555412,-7.430423245577652,-6.635500739526162,12.6074916241555
244,Princeton,-10.113448183102946,96.2,106.3,68.0,14,-3.55,-0.8204310228878683,0.8046292807607939,9.655551369129526,-7.434427512577676,-8.07075384034482,9.723531063580797
245,Loyola Chicago,-11.975252119637332,102.9,114.9,68.4,15,3.19,-1.8956565149546665,0.5312622118666352,6.375146542399623,-7.4522092285231505,-7.135908553541224,14.094915406636279
246,Cal St. Fullerton,-4.255708289645838,105.6,109.8,77.8,14,-13.07,1.1017864637942703,0.7460880829805645,8.953056995766774,-7.693806146269889,-6.067323026732765,14.234219288763786
247,Charleston Southern,-3.6849107909919496,103.3,107.0,74.8,14,-14.53,1.3556361511260062,0.6842206231053104,8.210647477263725,-7.694033192569593,-3.6733735113859645,11.806256965800417
248,Tennessee St.,-5.924000977001626,100.1,106.1,74.9,11,-9.61,0.4607498778747967,0.8637862673295442,10.36543520795453,-7.712262422537196,-2.490608678152819,12.763602115545796
249,UTEP,-9.00004391027504,101.3,110.3,65.9,11,-6.61,-0.29875548878437985,0.8850852494426228,10.621022993311474,-7.8259685053366095,-6.825431290700459,11.795946468041342
250,Pepperdine,-7.571644291751554,97.5,105.0,69.2,15,-8.21,0.0797944635310559,0.9092281340294204,10.910737608353045,-7.84044913006877,-8.15826791446508,13.0455421885884
251,Longwood,-11.791384154042731,100.3,112.1,71.2,14,-1.23,-1.3201730192553414,0.6933424492742337,8.320109391290805,-7.854491644037023,-5.682374287664558,12.849835765662572
252,Evansville,-8.066215778662183,97.0,105.1,71.2,14,-7.76,-0.03827697233277294,0.9132570021032785,10.959084025239342,-7.931761948352568,-7.71977506602215,10.59991181215537
253,Denver,-3.9197060156647154,113.8,117.8,71.6,13,-14.15,1.2787867480419106,0.7037992869005114,8.445591442806137,-7.948547260818442,-3.5407587982892412,15.438009231676595
254,Green Bay,-4.582198987063407,106.5,111.1,66.2,13,-12.73,1.0184751266170742,0.7645573803382217,9.17468856405866,-7.95331901698696,-4.645545754667291,15.158716409165477
255,Rice,-11.163837942013885,99.4,110.5,69.2,13,-3.52,-0.9554797427517356,0.7778920624928897,9.334704749914676,-7.969124998912739,-5.940318862442842,14.465122017636675
256,Campbell,-7.506417126396798,105.4,112.9,72.0,14,-8.73,0.15294785920040033,0.9017181447938679,10.820617737526415,-8.039841503076467,-3.4776724578763663,13.738002377343525
257,Purdue Fort Wayne,-11.248083936771096,100.1,111.3,70.8,14,-3.32,-0.9910104920963869,0.7704382424285995,9.245258909143194,-8.094873687087121,-4.510239259703198,12.373617729014112
258,Central Connecticut,-6.666058243958602,106.0,112.7,67.2,11,-9.71,0.3804927195051748,0.8747261512765833,10.496713815319,-8.152396377226996,-3.9157078901424853,13.633178750800958
259,Boston University,-10.631749457254259,108.2,118.8,64.5,14,-4.72,-0.7389686821567824,0.8195405206957129,9.834486248348554,-8.192468067453905,-7.767119011294437,11.076657025911599
260,Eastern Washington,-6.540147718132573,108.6,115.2,72.3,13,-10.32,0.4724815352334284,0.8621213583421907,10.345456300106289,-8.215175873514504,-7.349795883883571,12.380000162728935
261,Saint Peter's,-8.325907318316425,97.7,106.0,68.1,11,-8.37,0.005511585210446812,0.916321568000163,10.995858816001956,-8.34794950846991,-2.9702310235277576,13.370214923701399
262,Southeastern Louisiana,-10.044834230489315,97.1,107.1,68.9,13,-6.82,-0.4031042788111643,0.8717224566270152,10.460669479524181,-8.606941546273868,-6.9211960890980535,8.412375989445051
263,Northern Arizona,-9.283358157410902,99.1,108.4,67.7,12,-8.0,-0.16041976967636273,0.9009206621142877,10.811047945371453,-8.675124524125849,-5.914916083750214,9.555904657190588
264,Presbyterian,-9.47044881181786,99.7,109.2,66.0,13,-7.81,-0.20755610147723258,0.8957558999773909,10.749070799728692,-8.71891280486977,-5.4282350062557985,15.287317312308657
265,Southern,-12.016177503553251,99.0,111.0,74.3,11,-5.01,-0.8757721879441565,0.7939780949753854,9.527737139704625,-8.764332589831412,-4.546405380828969,10.498445146341446
266,Bethune Cookman,-10.335692416824813,103.0,113.3,70.8,13,-6.98,-0.41946155210310154,0.8695114634713516,10.434137561656218,-8.841557793793177,-4.451211383619699,17.288873685310683
267,Drexel,-10.863004456564795,101.2,112.1,66.9,15,-5.87,-0.6241255570705994,0.8390328201469294,10.068393841763152,-8.857629256234961,-8.196245820112239,11.128185846176084
268,UMBC,-8.625783553714768,101.4,110.0,69.1,11,-9.16,0.06677705578565396,0.9105091475501774,10.926109770602128,-8.89199163141031,-3.867350875196511,12.419252579306278
269,UC Riverside,-11.042871390401814,102.9,113.9,70.9,13,-6.18,-0.6078589238002268,0.8416517077231936,10.099820492678324,-8.91670213564044,-4.85389395845308,14.00751426832355
270,Portland,-6.115947136313835,101.0,107.1,72.1,15,-13.6,0.9355066079607706,0.7820055221259222,9.384066265511066,-8.9961414091925,-6.234106778097686,11.17923683048909
271,Long Beach St.,-7.671433065321281,102.9,110.5,70.0,13,-10.79,0.38982086683483974,0.8734943797999519,10.481932557599423,-9.06350793843827,-6.596761016033996,9.314095591637525
272,Texas St.,-11.788912590572338,99.1,110.9,69.7,14,-5.46,-0.7911140738215422,0.8101004664972583,9.7212055979671,-9.195256030815152,-5.451700411956661,11.048158672832015
273,Georgia St.,-10.02793943861407,98.2,108.3,71.4,14,-8.25,-0.22224242982675868,0.894098741728925,10.7291849007471,-9.256549639242051,-7.909397824360436,16.93900848786942
274,Merrimack,-10.485579601617388,98.1,108.6,67.3,16,-7.77,-0.3394474502021736,0.880024591542629,10.56029509851155,-9.40587315068322,-3.9166723875760283,10.830045559678823
275,Bellarmine,-6.432766064248611,111.3,117.8,67.9,12,-13.19,0.8446542419689236,0.8000192870652527,9.600231444783033,-9.436021370821882,-5.263673941274972,13.050962622449006
276,SIUE,-11.50465666678275,95.7,107.2,68.5,12,-7.04,-0.5580820833478438,0.8494509813439217,10.19341177612706,-9.454044336302694,-4.7369533087007625,11.590546165149966
277,La Salle,-10.002730093598416,98.2,108.2,67.7,14,-8.82,-0.14784126169980194,0.9022598810303645,10.827118572364373,-9.486940920353486,-7.0091052946500465,10.17402466300655
278,East Carolina,-13.624749547584074,94.8,108.4,72.9,13,-3.04,-1.3230936934480093,0.6925967568046579,8.311161081655895,-9.496792456842579,-6.1352160618620015,12.664257232867733
279,Sacramento St.,-8.470434401555181,100.3,108.7,76.5,11,-10.59,0.26494569980560234,0.8891477474481174,10.669772969377409,-9.514067104171287,-6.2092338739266495,4.564357013129212
280,Grambling St.,-5.804120484634296,101.1,106.9,69.8,12,-14.47,1.083234939420713,0.7502822282080605,9.003386738496726,-9.518867333676905,-4.092169666433021,8.679094324455953
281,UNC Greensboro,-13.17482272682554,102.6,115.7,69.8,13,-5.04,-1.0168528408531925,0.7649076318490478,9.178891582188573,-9.80816864615813,-6.724750444441213,10.150980853392962
282,Detroit Mercy,-10.715102039090539,101.0,111.7,72.4,12,-8.93,-0.22313775488631737,0.8939969687528346,10.727963625034015,-9.872505224950807,-5.379131245095833,9.217570379137998
283,USC Upstate,-8.695808015723486,100.0,108.7,71.5,14,-11.49,0.34927399803456427,0.8787740021482332,10.545288025778799,-9.896264870928114,-5.945261948830902,7.969280857013473
284,Coastal Carolina,-8.11330770967443,97.3,105.5,71.0,15,-12.62,0.5633365362906961,0.8486428507539968,10.183714209047961,-9.935710312079532,-5.754934777947925,14.897423213858083
285,Kansas City,-12.887831187528434,94.0,106.9,71.8,13,-6.55,-0.7922288984410543,0.8098945786482127,9.718734943778552,-10.176601817476302,-8.075712715992909,12.415980125848815
286,Morehead St.,-10.419595550748667,98.4,108.8,69.8,12,-10.06,-0.04494944384358335,0.9126205986619152,10.951447183942983,-10.248011961703353,-4.3657596016363485,10.11357506085045
287,Houston Christian,-10.838376150481963,101.1,111.9,65.9,12,-9.78,-0.13229701881024547,0.9038925431462452,10.846710517754943,-10.335901200565113,-5.88458701679035,9.323256447958501
288,Howard,-9.324633890011285,94.9,104.2,70.2,13,-11.72,0.2994207637485895,0.88500402685553,10.62004832226636,-10.401638623046416,-4.632763928049513,8.580813611640528
289,Cal St. Bakersfield,-10.663428798970543,99.6,110.3,73.0,14,-10.21,-0.056678599871317736,0.9114916616693738,10.937899940032485,-10.464552436285834,-6.031627497194284,11.18740417173702
290,Manhattan,-13.91661941076272,102.1,116.0,71.9,15,-4.59,-1.16582742634534,0.7312565381432415,8.775078457718898,-10.474283049169944,-6.1827778869195775,10.535969712918746
291,Western Carolina,-10.938537867891114,100.4,111.4,72.8,11,-10.02,-0.11481723348638928,0.905699349540786,10.868392194489433,-10.482032894642721,-3.9777331163625806,10.572892042525485
292,West Georgia,-8.720090241138948,102.0,110.7,71.8,12,-12.55,0.4787387198576316,0.8612263933672849,10.33471672040742,-10.492265501655563,-2.8057725797097426,10.338600197666812
293,Norfolk St.,-13.256664787234811,95.1,108.3,70.7,14,-7.43,-0.7283330984043515,0.821420353829412,9.857044245952945,-10.84925454722352,-7.690731901726174,7.082714602000281
294,Oral Roberts,-10.803904806173634,98.7,109.5,70.0,14,-10.99,0.0232618992282958,0.9146737828699383,10.97608539443926,-10.885686907198469,-8.22818871755211,12.930479982868254
295,Northwestern St.,-13.361925097291717,102.6,115.9,67.8,12,-8.37,-0.6239906371614647,0.8390546851595126,10.068656221914152,-11.084397313780114,-6.68881661235803,12.429886446361772
296,UMass Lowell,-11.385447751565465,102.1,113.5,72.8,13,-10.82,-0.0706809689456831,0.9101266932419356,10.921520318903227,-11.12728902980896,-6.18125770799919,12.095596270482515
297,Alabama St.,-11.781654932148427,103.3,115.1,71.2,13,-10.45,-0.16645686651855351,0.9002721167490723,10.803265400988867,-11.177274759420628,-5.73638582305162,16.776093111228477
298,Stony Brook,-8.519632546477354,99.1,107.6,67.3,14,-15.1,0.8225459316903307,0.8042300133574739,9.650760160289687,-11.204770260027505,-4.405033448702383,14.702860954863093
299,North Dakota,-11.69927889089496,98.5,110.2,70.3,15,-10.52,-0.14740986136186995,0.9023055242002855,10.827666290403426,-11.204892826340913,-6.313936857819721,11.36215773866034
300,South Dakota,-13.434397981124249,102.4,115.8,73.8,13,-8.52,-0.6142997476405312,0.8406189115574242,10.08742693868909,-11.287184663941712,-5.036423327034354,12.18917154488025
301,North Alabama,-17.002507793517083,92.2,109.2,70.3,11,-2.66,-1.7928134741896353,0.5618377498526098,6.742052998231317,-11.55229593353236,-5.4667916179788385,13.613951583449495
302,Jacksonville,-15.968068410165031,98.3,114.3,66.1,13,-4.26,-1.463508551270629,0.6556096330185197,7.8673155962222365,-11.553937192367004,-6.267190972308102,11.094899734064265
303,Little Rock,-15.087128470043723,97.8,112.9,68.6,13,-6.49,-1.0746410587554653,0.752209404010528,9.026512848126337,-11.564006533906497,-7.3972986764374085,17.79206846654497
304,Mercyhurst,-11.74541304739526,95.7,107.4,67.0,13,-11.5,-0.030676630924407533,0.9139767907228975,10.96772148867477,-11.633111093503231,-6.173425791998049,14.563756560561488
305,Fairfield,-11.368467933079145,103.4,114.7,70.8,15,-12.4,0.12894150836510687,0.9042417698273428,10.850901237928113,-11.801452937311485,-5.259647548751676,11.833630278228501
306,Mount St. Mary's,-15.083377827019277,95.1,110.1,71.5,15,-6.42,-1.0829222283774096,0.7503525286060038,9.004230343272045,-11.833656907425569,-8.0261950592845,11.167898758738847
307,Sacred Heart,-13.898155403556729,100.5,114.4,71.1,15,-8.83,-0.6335194254445911,0.837504549227548,10.050054590730577,-11.864816981256478,-8.774719903455933,14.414592810314177
308,Tennessee Tech,-12.281606202615535,100.6,112.9,71.6,12,-11.68,-0.07520077532694192,0.9096820622633587,10.916184747160305,-11.995029509101904,-6.128891506724035,17.86294017175702
309,Western Michigan,-12.81642285649086,100.5,113.3,72.3,12,-11.12,-0.21205285706135757,0.8952509491598548,10.743011389918259,-12.01509141638624,-4.5945521800299325,15.250380354423966
310,UTSA,-17.557370613204696,90.4,107.9,73.2,12,0.54,-2.262171326650587,0.4219909660252177,5.063891592302612,-12.186783112969339,-6.472668566178493,15.119511519217271
311,New Hampshire,-13.048155363545519,93.2,106.2,70.4,12,-11.24,-0.2260194204431898,0.8936688199508281,10.724025839409938,-12.194842443671048,-6.128667475521503,12.282414552767804
312,Eastern Illinois,-12.078963130879728,95.0,107.1,68.2,12,-12.39,0.038879608640034036,0.9131996969381929,10.958396363258315,-12.227425821456045,-5.904227762961286,12.231394290883424
313,Bryant,-15.10675278211987,93.3,108.4,68.8,13,-8.34,-0.8458440977649837,0.7997907534166765,9.597489041000118,-12.232812427431762,-6.586110473398982,13.027597544501418
314,Louisiana,-15.599393204760517,91.8,107.4,65.4,16,-6.16,-1.1799241505950646,0.7279192093612152,8.735030512334582,-12.265927025271072,-10.059772741152424,12.565623490033826
315,Cleveland St.,-15.492542723464709,103.5,119.0,71.0,13,-8.3,-0.8990678404330885,0.7893677507944735,9.472413009533682,-12.460792851456295,-8.699363306898015,11.814813955305318
316,Lafayette,-15.895630923777006,100.0,115.9,69.9,14,-7.1,-1.0994538654721258,0.7466179843687903,8.959415812425483,-12.463326050579917,-8.603627928684508,11.592523877510004
317,Wagner,-10.04255618565385,103.6,113.6,70.1,10,-14.86,0.6021804767932686,0.8425577428813819,10.110692914576582,-12.464536136666688,-4.61763368701206,10.310586809917478
318,East Texas A&M,-12.640164191088559,96.3,108.9,72.6,13,-12.36,-0.03502052388606991,0.9135660683393928,10.962792820072714,-12.51199123539141,-4.991125385115714,12.950305590733846
319,North Carolina A&T,-10.35775908323319,101.6,112.0,73.3,12,-15.17,0.6015301145958512,0.8426612431327498,10.111934917592997,-12.558428863579174,-5.413492973479068,7.892997879476245
320,Le Moyne,-11.490142643534014,102.8,114.3,70.9,14,-14.29,0.3499821695582481,0.8786834429722471,10.544201315666966,-12.69296278186477,-6.612498761958944,14.97394256378938
321,Air Force,-12.75953448376697,93.2,106.0,66.4,14,-12.68,-0.009941810470871282,0.9159130325459223,10.990956390551068,-12.724555428585301,-8.484003129295223,11.393029186304293
322,Bucknell,-16.35893091643605,93.2,109.6,69.9,15,-6.87,-1.1861163645545063,0.7264450569070103,8.717340682884124,-12.871261509443073,-7.3211233513871115,15.472881850604676
323,Army,-13.429825415823785,99.7,113.1,68.8,13,-12.39,-0.1299781769779731,0.9041339992357313,10.849607990828776,-12.956790465105648,-5.671530494902189,10.742169869569183
324,Texas Southern,-18.758041683375325,96.3,115.1,73.4,10,-4.58,-1.7722552104219156,0.5679013357895677,6.814816029474812,-13.011874400839433,-6.070117071181915,11.584600645933016
325,Albany,-16.323200751518897,99.5,115.8,70.4,13,-8.52,-0.9754000939398622,0.7737345322661561,9.284814387193872,-13.072050917150102,-8.779181948676856,13.338900755922753
326,Ball St.,-15.432142512172945,95.3,110.8,67.8,12,-10.32,-0.6390178140216181,0.8366046131215549,10.039255357458659,-13.103474720497504,-8.116551228856318,9.984206266279783
327,Lehigh,-17.691879715833508,93.9,111.6,70.9,13,-6.75,-1.3677349644791885,0.6810753422834835,8.172904107401802,-13.468229846235813,-8.500758454120675,9.677714598027594
328,Holy Cross,-16.785575125217136,97.0,113.8,66.4,13,-9.83,-0.869446890652142,0.7952169315621836,9.542603178746203,-13.841181668365419,-6.288285900205624,16.881198043902604
329,Prairie View A&M,-11.881801630269067,100.8,112.7,76.6,10,-16.56,0.5847747962163665,0.8453086838603632,10.143704206324358,-14.237587834981134,-5.521147300659249,9.498895610033047
330,New Haven,-13.168473173503372,96.2,109.4,65.9,12,-15.56,0.29894085331207854,0.885062623537743,10.620751482452917,-14.291327651063185,-5.533036007516895,17.268658664339867
331,Maryland Eastern Shore,-15.425277159083223,93.9,109.3,65.4,16,-13.38,-0.2556596448854027,0.8902413191952033,10.68289583034244,-14.606419904098978,-7.801871872786094,13.361917812278737
332,Alabama A&M,-13.918581292410082,100.0,114.0,66.7,11,-15.51,0.19892733844873978,0.8967188218320252,10.760625861984302,-14.70553757807714,-4.534731214904227,18.189881996816478
333,Florida A&M,-17.533305921151637,93.8,111.4,72.8,10,-11.87,-0.7079132401439547,0.8249865293197401,9.899838351836882,-14.715905489794533,-5.489383753000044,9.170997693998272
334,Maine,-18.072234850300077,87.9,106.0,68.0,15,-9.44,-1.0790293562875097,0.7512265770399061,9.014718924478874,-14.831840027847047,-11.699867960669591,11.964185071863795
335,VMI,-19.26010336942427,97.0,116.2,70.7,12,-8.53,-1.341262921178034,0.6879353514972106,8.255224217966528,-14.886939772549105,-6.728923083723524,15.427167168736469
336,Central Michigan,-18.506165348450338,98.0,116.5,68.5,13,-10.28,-1.0282706685562923,0.7624348567326589,9.149218280791906,-15.108168117454253,-8.544466954808936,15.556216242188952
337,Stonehill,-17.444480854552168,90.9,108.4,68.7,13,-12.54,-0.6130601068190211,0.8408181132301764,10.089817358762117,-15.301314657388712,-8.322915898484199,12.479579035192417
338,North Florida,-17.303107202160703,103.8,121.1,73.7,13,-13.29,-0.501638400270088,0.8579094368732811,10.294913242479375,-15.529561619527904,-8.050633888497757,7.913111727270167
339,Arkansas Pine Bluff,-13.215417179462264,101.8,115.0,75.7,12,-18.84,0.703072852567217,0.8258235948655578,9.909883138386693,-15.75942702660062,-4.615590718920538,13.203155467544027
340,Northern Illinois,-16.900004474854697,97.8,114.7,70.2,12,-14.61,-0.2862505593568372,0.8866026942301154,10.639232330761384,-15.823824448495873,-6.166054100592472,14.648962143830772
341,Fairleigh Dickinson,-17.51119328985756,98.8,116.3,69.6,12,-14.31,-0.4001491612321948,0.8721184722540256,10.465421667048307,-16.019930935088382,-7.771803780968387,9.643678411137019
342,Southern Indiana,-16.682423262935657,92.1,108.8,71.7,12,-15.48,-0.1503029078669571,0.9019990691125983,10.82398882935118,-16.112189196336814,-9.243027984882636,10.287329316867924
343,IU Indy,-18.257705960725573,101.9,120.1,78.3,15,-14.57,-0.46096324509069664,0.8637561388942587,10.365073666731105,-16.75077779460328,-10.136074964861422,10.670058693058257
344,Southern Utah,-19.144241517075955,96.5,115.6,73.8,12,-14.55,-0.5742801896344942,0.8469482859253068,10.163379431103682,-17.037477073444034,-7.6904560491186995,9.105046342100307
345,Loyola MD,-22.55311289799988,97.9,120.4,71.1,13,-7.13,-1.9278891122499853,0.5216197773188337,6.259437327826005,-17.54050495199648,-9.018544733165667,10.658297964208403
346,Rider,-22.062785067698698,92.1,114.1,68.2,12,-10.9,-1.3953481334623372,0.6738350778724189,8.086020934469026,-17.56898741415284,-8.38618868700039,9.852151565430923
347,Chicago St.,-19.679185084012403,94.3,114.0,71.1,14,-15.22,-0.5573981355015503,0.8495559104367832,10.194670925241399,-17.800262048988824,-7.749280269650459,13.315719517194186
348,North Carolina Central,-21.005783123150252,93.4,114.4,69.9,12,-13.94,-0.8832228903937815,0.7925117353567154,9.510140824280585,-17.881833676053528,-6.626301229854034,12.161623519559136
349,Stetson,-21.296956912332362,95.4,116.7,69.4,13,-13.23,-1.0083696140415452,0.7667332776071478,9.200799331285774,-17.95372360541701,-6.8013504410366465,15.672453938354845
350,Louisiana Monroe,-20.166082534080402,98.7,118.9,73.7,14,-15.56,-0.5757603167600502,0.8467179068928996,10.160614882714796,-18.229019633405944,-10.034482333924565,9.977365013638591
351,Alcorn St.,-21.235658999997526,95.6,116.9,74.2,13,-14.57,-0.8332073749996907,0.8022078726853742,9.62649447222449,-18.3997389419444,-7.009928885656121,14.992353378273968
352,NJIT,-21.601948354264565,89.9,111.5,70.8,15,-13.11,-1.0614935442830706,0.7551383733965176,9.06166048075821,-18.403866789277984,-6.498207448072048,17.550629752156162
353,Niagara,-21.09182953776093,95.5,116.6,65.6,13,-15.58,-0.6889786922201162,0.8282429526189087,9.938915431426905,-18.70367793521417,-7.645694751266218,14.043140918238494
354,Western Illinois,-21.70697585974338,92.7,114.4,67.8,12,-15.07,-0.8296219824679225,0.8028896599540108,9.63467591944813,-18.751298976395862,-8.626848760400048,14.402217911799061
355,The Citadel,-23.459375604923977,97.5,121.0,68.0,12,-14.38,-1.134921950615497,0.7384820089042066,8.861784106850479,-19.60258818809799,-9.791710491115078,11.346114620722238
356,Delaware St.,-23.197272135350218,84.7,107.9,68.8,12,-14.94,-1.0321590169187773,0.7615886758350309,9.139064110020371,-19.627400781249968,-7.873715238959026,13.99941897758954
357,Jackson St.,-24.505157440724744,94.1,118.6,72.6,14,-5.87,-2.329394680090593,0.40244843220511956,4.829381186461434,-19.725590982338353,-6.246118783051543,13.86821132112068
358,Canisius,-19.268602253608677,95.2,114.4,66.9,14,-20.64,0.17142471829891548,0.8997356083377913,10.796827300053495,-19.865724798694828,-5.556974097680213,17.67295251138701
359,Gardner Webb,-26.401897583296275,94.0,120.4,72.9,14,-13.0,-1.6752371979120344,0.5962141767372597,7.154570120847117,-21.86931594895649,-9.842579847659616,11.649878503313166
360,South Carolina St.,-26.613143105127463,90.7,117.3,72.2,15,-7.91,-2.337892888140933,0.3999984741623409,4.7999816899480905,-22.07906090975519,-10.091047176785278,13.149024542796724
361,Binghamton,-27.405728297210715,94.1,121.5,69.9,13,-11.52,-1.9857160371513394,0.5042850839400108,6.05142100728013,-22.35984589836232,-10.416106315658068,12.898490852519611
362,Saint Francis,-28.671761848675715,91.7,120.4,71.7,13,-14.09,-1.8227202310844643,0.5529842577832866,6.63581109339944,-23.743938058943012,-8.412171772904133,12.031537315165119
363,Morgan St.,-29.47203118503441,91.3,120.8,72.4,13,-14.85,-1.8277538981293013,0.551490641592045,6.617887699104539,-24.539443038973246,-9.624631059211948,12.759148657454395
364,Mississippi Valley St.,-30.7394835039412,89.8,120.5,70.8,14,-23.82,-0.8649354379926502,0.7960971342860839,9.553165611433005,-27.932940513106804,-8.519735061123656,16.869468595927252
365,Coppin St.,-34.949677621654885,86.8,121.8,72.1,17,-13.31,-2.7049597027068604,0.3002827816935893,3.6033933803230713,-31.165045175202334,-11.491603454097362,13.61901899336219
