Rank,Team,Current_AdjEM,AdjO,AdjD,AdjT,Games,Preseason_AdjEM,SurpriseZ,CollapseFactor,FinalPreseasonWeight,Blended_AdjEM,WAB,Consistency,Volatility_z,Swing_z,Rank,SOS,Road_Pct,Q1_W,Q1_L,Q2_W,Q2_L,Q3_W,Q3_L,Q4_W,Q4_L,T100_W,T100_L
1,Gonzaga,32.85425666321143,118.9,86.0,75.0,29,21.12,1.4667820829014286,0.6046376999226604,6.046376999226604,30.829803762044822,6.4384221974233995,29.258926961431953,1.254699612797182,1.2280069773127475,1,5.78,0.889,10,3,2,0,1,0,13,0,12,3
2,Houston,28.948370448244972,115.9,87.0,65.6,34,27.43,0.1897963060306216,0.9121605693149226,9.121605693149226,28.62718629235856,4.655789579719141,18.82553823032821,1.598150581334442,1.8356602293422335,2,5.49,0.727,2,5,8,0,11,0,8,0,10,5
3,Arizona,26.79277133905397,117.4,90.6,74.0,34,27.16,-0.04590358261825367,0.9279852330893675,9.279852330893675,26.87151069609236,8.373834487923506,24.911373664832546,1.3126136133668522,1.5540217474499212,3,7.36,0.769,6,3,9,0,10,0,6,0,16,3
4,Texas Tech,25.38536071239443,108.8,83.4,68.3,34,24.7,0.08567008904930384,0.923895731486891,9.238957314868909,25.238918273438507,5.283290589819874,21.896475331404016,1.3986814206364029,1.7618408906474432,4,9.39,0.385,7,8,8,1,1,0,9,0,16,9
5,Kansas,25.51732167134449,116.4,90.9,70.9,34,21.87,0.45591520891806114,0.874475924495506,8.74475924495506,24.77114949800188,8.92515470868737,29.48032595298295,1.1655311983921903,1.344383292737645,5,12.74,0.667,10,5,10,1,6,0,2,0,20,6
6,Tennessee,25.37670879733382,109.9,84.5,68.8,33,22.28,0.38708859966672726,0.8853772070002034,8.853772070002034,24.72162915928096,7.408663563760932,22.619318756092966,1.3754318990349177,1.71197446827759,6,11.89,0.583,10,7,7,0,3,0,6,0,18,7
7,Kentucky,25.45469316329934,116.6,91.2,69.4,33,21.73,0.46558664541241734,0.872874836336974,8.728748363369741,24.67556820440786,6.553714857581852,27.158579971806454,1.2485296915250246,1.427592280975511,7,9.83,0.462,9,7,5,0,4,0,8,0,15,7
8,UCLA,23.826534928442143,113.4,89.6,67.2,32,24.49,-0.0829331339447319,0.9241838924620861,9.241838924620861,23.975210096265204,4.973110439743543,29.76239693890946,1.1712448440465884,1.309389973955272,8,9.08,0.643,4,5,10,2,6,0,5,0,13,7
9,Baylor,23.900308384712247,114.0,90.1,69.4,32,18.06,0.730038548089031,0.8219978539880697,8.219978539880696,22.70669239257496,8.314411139407596,27.657947558020354,1.2567758611615252,1.3664748310498678,9,10.07,0.786,12,4,6,2,2,0,6,0,19,6
10,Villanova,24.29637743785584,115.0,90.8,64.9,34,8.63,1.9582971797319797,0.42251786678790687,4.225178667879069,22.564711398345782,7.5035867604904105,19.18277546670833,1.5703506819759705,1.8303453471266948,10,11.08,0.647,8,6,10,1,7,0,2,0,18,7
11,Duke,21.942871325931876,116.5,94.5,69.4,34,20.84,0.13785891574148446,0.9182055307021668,9.182055307021669,21.70836128607307,5.188655927246934,26.113904671789314,1.2577820332896184,1.5188498885549988,11,7.0,0.833,9,3,7,3,4,0,8,0,14,5
12,Purdue,20.156705470710733,116.5,96.3,67.5,34,27.3,-0.8929118161611584,0.7834069890666671,7.834069890666671,21.494396705111864,6.127250589159711,25.07521424796747,1.3763037696780336,1.4374875175873894,12,10.06,0.583,9,7,7,0,5,0,6,0,16,7
13,Auburn,21.418068073713414,108.9,87.4,72.9,32,19.97,0.18100850921417688,0.913211012805227,9.13211012805227,21.096569442087205,6.686643489213438,35.98387523438601,0.974475749855302,1.1250082855278103,13,9.81,0.75,7,4,9,1,7,0,4,0,17,5
14,Illinois,20.829706041617,112.2,91.4,69.2,31,21.59,-0.09503674479787483,0.9229019408958217,9.229019408958216,21.00412659179496,4.147880154165357,19.060121594475763,1.5971963734909664,1.8050556280036252,14,11.04,0.643,7,7,10,2,1,0,4,0,15,8
15,Iowa,22.330200427885487,118.3,96.0,71.5,35,13.15,1.1475250534856858,0.7117118081668079,7.117118081668079,20.778893656801372,3.8765911615972612,27.380079523757257,1.2795689810827189,1.357750085352731,15,8.14,0.571,6,9,7,0,5,0,8,0,13,9
16,Connecticut,19.575834570013157,111.8,92.2,66.8,33,25.55,-0.7467706787483555,0.8182958278208216,8.182958278208215,20.762887382743322,3.686259620570034,33.08999747126706,1.0892857252357429,1.1607977142912633,16,8.18,0.5,5,7,8,2,5,0,6,0,14,9
17,Saint Mary's,20.648367660690724,109.2,88.6,64.9,30,21.05,-0.05020404241365961,0.9275529503212071,9.275529503212072,20.74321940832668,4.236839718865578,30.951282876438967,1.0636303294381557,1.3911888701443265,17,8.39,0.5,5,7,5,0,4,0,9,0,10,7
18,Arkansas,19.22342477622857,108.5,89.3,72.7,33,26.08,-0.8570719029714287,0.7923899622249093,7.923899622249094,20.551030755303614,3.5127693362760652,29.838163964379,1.270604754103721,1.1598649130405574,18,7.9,0.545,7,5,5,2,5,1,8,0,13,7
19,Texas,19.488571314907077,109.1,89.6,65.3,32,16.69,0.34982141436338443,0.8909292124454794,8.909292124454794,18.879093905721547,2.4726489883338196,25.54536248947459,1.289402587355763,1.5248718132851062,19,9.32,0.417,5,9,7,1,1,1,8,0,11,11
20,San Francisco,19.49394699390045,110.7,91.2,70.9,31,5.08,1.8017433742375564,0.4806059696447679,4.806059696447679,17.55923844731914,2.4394719054934306,32.231958652083534,1.055985559158306,1.2882692531909505,20,7.69,0.615,3,6,5,2,7,0,7,1,10,8
21,Ohio St.,17.260611009464455,114.5,97.2,66.8,30,18.15,-0.11117362381694296,0.9211619100823777,9.211619100823777,17.469546850451124,1.3536093127231368,25.13189308629451,1.3009730922863043,1.5497744170986703,21,10.23,0.462,6,9,6,1,4,1,3,0,12,10
22,Virginia Tech,18.869958268911233,112.8,93.9,64.7,35,7.57,1.4124947836139041,0.6239288123068067,6.239288123068068,17.16033381545359,0.009768854559048634,21.19173036861713,1.5128067730833359,1.661238098227024,22,6.77,0.625,5,7,6,4,7,1,5,0,10,10
23,Michigan,15.44439129763056,111.9,96.5,68.6,31,22.77,-0.91570108779618,0.7775504799613222,7.775504799613222,16.91336780534401,-0.1157929481320572,15.992292854416858,1.6309300722948783,2.238342605628081,23,12.37,0.462,6,10,5,3,3,1,3,0,11,12
24,North Carolina,16.463901359514082,110.3,93.8,72.0,33,18.43,-0.24576233006073966,0.9051974256151312,9.051974256151311,16.88711750081402,2.7063468847134686,21.110783869129488,1.4461570719570491,1.779421462222133,24,7.87,0.727,5,7,6,0,8,1,6,0,9,7
25,Loyola Chicago,18.578067661676386,109.0,90.4,66.6,31,3.19,1.9235084577095483,0.4352991351177734,4.352991351177734,16.68334467268712,2.3732702558732868,18.953369911842923,1.531500731605679,1.9297334762560339,25,3.75,0.714,3,2,4,4,8,1,9,0,10,7
26,San Diego St.,17.492505907927992,103.2,85.7,67.3,30,13.27,0.527813238490999,0.8621520216155665,8.621520216155664,16.549911731305972,3.0332164290526507,25.39375198081237,1.314700649351394,1.49892958997298,26,6.44,0.5,2,6,6,1,8,0,7,0,11,7
27,Alabama,14.621064460173741,111.3,96.6,74.2,32,24.81,-1.2736169424782822,0.6714111870595201,6.7141118705952,16.388111403813856,1.1224623950210884,25.597339336834203,1.3076096849247298,1.4891923095832584,27,13.81,0.385,8,7,4,6,5,1,1,0,14,11
28,LSU,17.65517122060548,105.9,88.2,70.1,33,11.11,0.8181464025756853,0.8018314346908547,8.018314346908546,16.375712492552964,2.6444047137926283,28.882274253946036,1.2744283147028472,1.2325189565074366,28,10.05,0.357,6,9,5,1,6,1,5,0,10,11
29,Wisconsin,14.825076750243838,107.5,92.7,68.6,31,22.36,-0.9418654062195202,0.7706883163343686,7.7068831633436865,16.325346686357605,5.99730843924274,30.167780786291104,1.1246794611097912,1.3513618468637398,29,11.45,0.846,11,2,8,4,1,1,4,0,16,6
30,Memphis,18.119278865314627,109.2,91.1,71.9,31,6.94,1.3974098581643282,0.6292230680314275,6.292230680314274,16.23302534341807,0.99486668598459,23.702592263471196,1.3871878926360712,1.5649173008259787,30,7.65,0.5,5,2,3,6,8,2,5,0,9,7
31,Michigan St.,14.321256357074972,108.4,94.1,69.6,35,24.95,-1.3285929553656284,0.6529678726923089,6.529678726923089,15.992405361512951,2.657396321534101,27.033931692616147,1.243228302795484,1.4487935685894104,31,11.2,0.533,7,11,7,0,6,1,3,0,13,12
32,Texas A&M,14.864175310026383,106.8,91.9,69.1,34,19.59,-0.5907280862467021,0.8505482916090981,8.50548291609098,15.809827927227797,1.8713306219592702,32.59903638668881,1.0955873009072208,1.190051807529911,32,7.62,0.6,5,8,6,1,4,2,8,0,10,10
33,Creighton,14.315374901180718,104.3,90.0,68.8,32,21.56,-0.9055781373524101,0.7801657929057468,7.801657929057468,15.73541843167871,1.5641036532015455,16.173088603804505,1.6381279495874612,2.1892150276941513,33,9.56,0.571,6,5,7,5,4,1,4,0,11,10
34,SMU,15.768681996267546,107.7,92.0,70.4,31,14.43,0.16733524953344325,0.914822841514514,9.14822841514514,15.463648146443223,1.0724006361587293,22.79310260961759,1.3677921600046155,1.704149206893144,34,4.59,0.5,3,3,3,4,9,0,8,1,8,4
35,BYU,13.06381234079025,105.8,92.7,70.3,28,23.55,-1.3107734574012189,0.6589997206021337,6.589997206021337,15.061613813985462,1.164701136226757,25.813638161400885,1.3103397024275956,1.4626320837321798,35,7.66,0.467,5,8,2,1,3,0,8,1,6,8
36,Indiana,14.992504978198454,105.8,90.8,68.9,33,15.2,-0.025936877725193153,0.9299612776890465,9.299612776890465,15.038122969220373,0.5812808408211758,27.985369573981473,1.2442689824831348,1.355319146386454,36,9.73,0.4,6,11,5,2,2,0,7,0,9,13
37,Marquette,13.432590025176864,107.1,93.7,72.9,32,20.99,-0.9446762468528918,0.7699423353857626,7.699423353857626,14.898296424390233,0.35121799406711673,27.953643490438264,1.2692143106464615,1.3205687418197074,37,10.45,0.429,5,9,6,3,4,1,4,0,12,12
38,Mississippi St.,13.297063451882309,106.7,93.4,67.4,33,21.54,-1.0303670685147113,0.7463897727338878,7.463897727338878,14.817540687730158,-2.5028549357664325,23.664194536753165,1.3125614578041602,1.6991486054350247,38,8.8,0.154,2,11,3,2,5,2,8,0,7,13
39,Oklahoma,15.85043946013721,108.4,92.6,66.1,33,9.66,0.7738049325171512,0.8121883391334026,8.121883391334027,14.62778078573071,0.016566151160141374,22.699148715758465,1.4122436615850618,1.6390910848726636,39,11.19,0.4,4,12,6,2,3,1,5,0,10,14
40,St. John's,12.880185873151618,107.8,95.0,75.7,32,21.74,-1.1074767658560476,0.723878955089732,7.2387895508973195,14.514648369532466,-3.203496543866386,26.129250014542684,1.319666220592595,1.4168423446304366,40,7.66,0.333,2,10,2,4,8,1,5,0,5,14
41,Oklahoma St.,15.06745769691895,101.9,86.8,69.3,30,11.31,0.4696822121148687,0.8721915804661805,8.721915804661805,14.221109343768509,-1.9308272345297723,25.011555395578934,1.3234684635545622,1.5250751120109585,41,11.31,0.25,4,10,3,3,4,1,4,1,8,14
42,TCU,14.539485885387037,107.1,92.5,67.4,33,12.64,0.2374357356733796,0.9062638354126726,9.062638354126726,14.130230681443273,2.4618588378318833,27.272768098967035,1.2055579328709358,1.4901851952144785,42,9.77,0.429,7,10,4,1,2,1,8,0,11,12
43,Notre Dame,15.099295848653497,110.6,95.5,67.8,30,10.49,0.5761619810816871,0.8533044473055773,8.533044473055773,14.078579032635128,-0.44855276036693326,24.953229624906438,1.2508979927938297,1.6627114383569093,43,7.18,0.545,4,6,4,4,7,0,5,0,7,8
44,Vanderbilt,14.30256891345266,105.8,91.5,70.3,33,13.05,0.15657111418158243,0.9160725883883537,9.160725883883536,14.030409451625182,-2.924681249263667,32.84256455558048,1.118087503724853,1.1361202223291644,44,9.39,0.429,3,11,3,3,5,2,6,0,6,15
45,Florida,12.163934666250213,108.6,96.5,66.6,32,23.9,-1.4670081667187231,0.6045566287190475,6.045566287190475,14.028834255085378,-1.0713041944931092,25.538200550640056,1.3092566996079957,1.4926717002816339,45,8.89,0.333,3,11,5,1,4,0,7,1,8,12
46,Boise St.,15.161092507500953,108.7,93.5,65.7,32,9.23,0.7413865634376191,0.8194935704948527,8.194935704948527,13.951862516044882,2.6237454639926625,31.859424492280564,1.1465468701098032,1.170946262998574,46,5.1,0.769,4,1,7,4,8,1,6,1,13,5
47,Colorado St.,15.392715886485604,111.8,96.4,65.9,29,8.7,0.8365894858107006,0.7973988575175233,7.973988575175232,13.949332522334254,3.9636083412062355,22.40679988961929,1.4310194860561722,1.64314440004573,47,5.62,0.727,5,2,5,2,6,1,8,0,12,5
48,Vermont,15.37583915544836,110.0,94.7,66.7,31,-4.61,2.498229894431045,0.2455765985842336,2.455765985842336,13.908811199273762,-0.5478843008942569,26.72701694412606,1.3409854286447,1.3299917011044589,48,-6.06,0.688,0,2,1,0,4,2,21,1,1,2
49,Davidson,15.258065553060547,114.5,99.2,66.1,33,-3.52,2.3472581941325683,0.28989639298225595,2.8989639298225596,13.741672633850328,2.9353677701667706,38.08934661850071,0.9692862941286244,0.981630665639871,49,1.98,0.765,3,2,4,2,10,2,10,0,7,5
50,Iowa St.,11.849559335668573,102.6,90.8,67.7,33,25.07,-1.6525550830414284,0.5364769231500705,5.364769231500705,13.698250588701079,2.0286838157915135,21.593862707575987,1.481836656268997,1.6599232566680018,50,9.16,0.417,7,9,4,2,1,1,9,0,11,12
51,Wake Forest,13.556646109306342,108.4,94.8,71.8,31,13.88,-0.0404192363367073,0.9285330682729156,9.285330682729157,13.631175665146005,-0.5675029198866497,24.18530280122724,1.3497150609962634,1.5719497786689198,51,3.83,0.545,2,6,4,2,8,1,8,0,5,7
52,Providence,14.488642755675727,109.4,95.0,67.5,30,10.62,0.48358034445946596,0.8698495847144928,8.698495847144928,13.619064437250842,5.487203494437935,23.163634670676572,1.4116006870046813,1.5866883299243988,52,8.96,0.8,5,3,9,2,7,0,4,0,14,5
53,Utah St.,13.551615986985126,107.8,94.2,68.0,33,13.53,0.0027019983731408903,0.9321975864494105,9.321975864494105,13.546854779483667,-4.084024825223878,22.95717085397636,1.4367135726426146,1.5713039481024615,53,4.69,0.4,2,7,2,4,5,2,9,2,5,12
54,VCU,13.462168612137347,100.3,86.8,70.7,30,12.35,0.13902107651716844,0.9180745105992584,9.180745105992584,13.201567734964216,0.5931376859691042,20.381439057595067,1.480304227177537,1.8172034086291111,54,5.65,0.769,4,3,2,3,12,2,3,1,7,8
55,Murray St.,15.173872566309242,109.3,94.1,67.4,28,1.74,1.6792340707886553,0.5265123339573797,5.2651233395737975,13.047591678434406,3.2421542280971103,20.861011536401083,1.4190182031522451,1.864024627393159,55,-2.81,0.923,1,1,2,0,8,0,15,1,4,1
56,North Texas,15.169442083034042,104.1,88.9,60.8,27,3.14,1.5036802603792552,0.5913332277426416,5.9133322774264165,13.008187563149885,0.6616154987218259,29.49379192660304,1.1229362528797895,1.4186495969354327,56,1.1,0.833,1,1,5,2,6,3,9,0,3,3
57,Maryland,11.14169721111466,108.5,97.3,68.3,32,19.67,-1.0660378486106676,0.7361286502331694,7.361286502331694,12.7366471171321,-4.078153561466376,27.48553363502994,1.2071250890303404,1.4655033740030536,57,11.12,0.333,3,11,6,3,2,3,4,0,8,15
58,Dayton,13.525686360341325,108.1,94.6,64.4,33,9.46,0.5082107950426655,0.8656094610789613,8.656094610789612,12.680840819209013,-0.41850124705421266,19.014520315438737,1.6482384558058196,1.7374282682635775,58,2.06,0.692,4,2,4,2,5,2,11,3,9,5
59,USC,12.530527736547157,106.8,94.3,68.3,33,13.07,-0.06743403293160544,0.9257968999136326,9.257968999136326,12.648716509203089,4.284315675966344,33.0337920952644,1.080857783306823,1.1786478305848491,59,6.59,0.75,5,4,6,2,9,1,6,0,10,5
60,Miami FL,13.455027646553688,112.6,99.1,69.0,33,9.02,0.5543784558192111,0.8573475732018992,8.573475732018993,12.540415595743696,1.7143482456828387,25.936200245828466,1.2425782312369837,1.5655265295058172,60,7.13,0.75,7,4,7,4,5,2,4,0,10,7
61,UAB,13.623376268874239,109.8,96.2,70.8,31,6.79,0.8541720336092798,0.7931046301974191,7.931046301974191,12.231278477130456,-0.6735643965642346,30.77087134202153,1.0970702139995447,1.3451443465569035,61,-1.03,0.667,2,1,2,3,9,3,11,0,2,4
62,Santa Clara,13.610350256884601,111.3,97.7,73.0,33,5.23,1.047543782110575,0.7414817632074072,7.414817632074072,12.072825841621874,-1.4928330955319602,34.40068314849883,1.0972621095556918,1.0501537857191696,62,4.29,0.462,1,7,2,2,5,2,14,0,3,8
63,Colorado,12.799836618577189,105.5,92.7,69.4,32,8.66,0.5174795773221486,0.8639838718817708,8.639838718817709,11.919726809228933,-0.7926484549350477,22.494574110045207,1.4458355843774913,1.6096913698156625,63,6.82,0.545,2,6,6,3,6,2,7,0,6,10
64,Seton Hall,13.750468751671804,105.3,91.5,68.8,30,3.54,1.2763085939589756,0.6705198304132424,6.7051983041324235,11.885250174432867,2.033965919810111,30.47342841533905,1.169847351842772,1.2496511442969513,64,10.09,0.538,6,7,5,3,6,0,3,0,10,10
65,Rutgers,11.901329447767537,105.1,93.2,66.9,31,10.34,0.19516618097094218,0.9115130420134544,9.115130420134545,11.546557535121465,-0.8624393400435686,22.357495957531963,1.4497717729679431,1.619432074194087,65,8.41,0.308,8,7,4,4,1,1,5,1,11,10
66,Oregon,9.65391192287889,106.1,96.5,70.5,33,23.55,-1.7370110096401388,0.5048707173063786,5.048707173063786,11.497792694789968,-2.3553689791704393,16.9998022961011,1.6648182973912928,1.9986279258848287,66,8.43,0.417,4,6,3,6,4,2,8,0,7,12
67,Syracuse,11.223229040617952,111.4,100.1,69.8,33,11.98,-0.09459636992275611,0.9229489293844362,9.229489293844361,11.388625534497102,-5.249011387550585,20.13304159910653,1.4880539174009029,1.8377116409389747,67,8.53,0.286,0,10,6,3,6,4,4,0,4,13
68,Xavier,11.579614330026075,108.1,96.5,70.1,32,9.69,0.23620179125325946,0.9064209520274522,9.064209520274522,11.162514855813304,-0.881390304437609,25.751542492965243,1.332569483685971,1.4346183191252448,68,10.65,0.385,5,9,4,3,5,2,4,0,8,13
69,Virginia,10.85838537894341,104.1,93.3,61.6,31,12.03,-0.14645182763207365,0.9172322530056558,9.172322530056558,11.125893616168693,-0.8498039461448492,24.16633648880356,1.3196621793589816,1.6258072700202812,69,6.97,0.571,6,7,2,2,7,1,4,2,7,9
70,Missouri St.,12.589648601183043,110.8,98.2,69.2,32,-6.59,2.3974560751478804,0.27464454635323876,2.7464454635323876,11.073641476133385,-2.1754332377856613,24.382155207993137,1.3136124841671397,1.6116545399184001,70,1.63,0.692,1,2,3,2,7,4,11,2,6,6
71,Washington St.,12.88775665529964,106.8,93.9,68.3,32,0.2,1.585969581912455,0.5612029568512118,5.612029568512118,10.994637184627992,-3.561804375393013,21.838974640026247,1.4067433984392803,1.754620884148749,71,6.18,0.5,0,6,6,3,7,3,6,1,4,11
72,Penn St.,11.476272212015331,105.3,93.8,63.5,30,9.23,0.28078402650191636,0.900592378578823,9.00592378578823,10.957639287061642,-3.6753715790779324,22.92242166980308,1.3602503290606818,1.7018097140415787,72,10.21,0.214,2,12,4,2,4,2,4,0,7,13
73,Clemson,9.02651181101416,107.1,98.1,67.9,32,17.24,-1.0266860236232298,0.747433539047639,7.47433539047639,10.581708747021542,-5.022114116758306,27.009744187135947,1.2560214351429815,1.4300208687841471,73,7.12,0.286,2,9,3,5,7,2,4,0,5,12
74,West Virginia,9.91739564234723,105.9,96.0,70.0,33,12.84,-0.3653255447065962,0.8886486759706977,8.886486759706978,10.537444897782205,-2.0930642499709933,30.547289246215772,1.1008015515499494,1.3590496812126982,74,11.85,0.154,2,14,5,3,3,0,6,0,8,17
75,Saint Louis,11.717577536574936,106.7,95.0,69.8,33,3.61,1.013447192071867,0.7511638604481432,7.511638604481432,10.214276398668709,-1.3465678140283863,29.59852141669295,1.1177708065638643,1.4181059845785102,75,3.87,0.462,1,5,4,3,7,3,10,0,5,10
76,Drake,11.288502341531057,107.5,96.2,67.4,31,4.68,0.8260627926913822,0.7999378247282045,7.999378247282046,9.93299586286969,-2.254663060875295,29.34793378430102,1.2935882877648375,1.1694887307635589,76,2.16,0.727,3,4,1,3,6,3,11,0,4,10
77,Northwestern,8.109585741819345,102.8,94.7,70.2,30,14.98,-0.858801782272582,0.7919627695924577,7.919627695924577,9.544492315214065,-4.320442645994007,26.844152010184096,1.2569986335669303,1.444876374982451,77,8.77,0.25,2,11,3,5,3,0,6,0,4,15
78,Bradley,10.701034174822524,103.6,92.9,69.3,30,4.62,0.7601292718528155,0.8152974152928762,8.152974152928763,9.401567605016492,-4.81241330161507,18.955585628764958,1.560235457877893,1.8789801406598545,78,1.86,0.333,1,4,1,5,7,3,7,2,4,8
79,Wyoming,11.082506359056154,105.4,94.3,68.0,30,-7.37,2.3065632948820194,0.30262160824924733,3.026216082492473,9.391689846301839,2.026473055433339,33.459894530022794,1.1155081208690967,1.0930154918286812,79,4.57,0.533,1,5,7,2,6,1,8,0,10,6
80,New Mexico St.,11.492818534194242,105.8,94.3,67.9,28,-0.9,1.5491023167742803,0.5747716529584385,5.747716529584385,9.382145123900393,0.22849429541982857,23.259589220512453,1.3683014591911422,1.6467193682544166,80,0.63,0.692,1,1,2,1,13,3,6,1,5,1
81,Kansas St.,9.613880909193767,106.5,96.9,68.6,32,7.85,0.22048511364922097,0.9084015635744951,9.08401563574495,9.223872252280314,-3.379684325370931,33.504383854761585,1.1001699124726585,1.1121222214140543,81,9.63,0.417,4,11,4,6,0,0,7,0,7,17
82,Grand Canyon,10.641618445326714,105.0,94.4,68.0,27,4.12,0.8152023056658392,0.8025322151764157,8.025322151764158,9.147325580642867,-0.8018395831359655,23.7859726822754,1.354697891714506,1.608683381790664,82,-2.03,0.6,1,0,1,4,7,2,12,0,1,5
83,Arizona St.,9.119939916738971,99.2,90.1,69.4,29,8.59,0.06624248959237145,0.925919589689186,9.25919589689186,8.991687939988271,-4.043387743369308,20.211368870001593,1.5241564654347781,1.766358909241627,83,10.91,0.333,4,9,2,5,4,1,3,1,6,13
84,Toledo,10.809575369133185,109.1,98.3,70.7,33,-3.4,1.7761969211416482,0.49017741848215224,4.901774184821522,8.971874332183145,-1.1297879883958508,21.94970479026065,1.495527561296331,1.5980864110037007,84,-3.29,0.706,0,1,1,2,10,3,15,1,2,2
85,Tulane,10.565260695789433,108.8,98.3,69.8,29,0.84,1.2156575869736792,0.6902981658868951,6.902981658868951,8.69540774461623,-5.365109994221214,28.586278288891776,1.1835429772369048,1.397838277169509,85,5.52,0.286,1,5,3,4,3,5,7,1,3,7
86,Towson,10.523513704875342,107.0,96.5,66.8,33,-1.66,1.5229392131094177,0.5843341205557615,5.843341205557615,8.690704645442835,-2.495410961293974,23.215416971986148,1.3414674578491796,1.700094472419133,86,-2.77,0.75,0,2,1,0,9,5,15,1,0,2
87,DePaul,8.0742093665569,106.4,98.3,71.0,30,10.65,-0.3219738291803875,0.8949225288709909,8.94922528870991,8.666039640570409,-4.304249380664892,34.16274576776551,1.0295480140058997,1.173073223336582,87,7.72,0.333,1,10,5,4,2,1,7,0,5,13
88,St. Bonaventure,10.632333176368164,105.6,95.0,67.9,29,-4.13,1.8452916470460203,0.4643263494066105,4.643263494066105,8.594914816607641,0.12535434905759146,21.83382728085742,1.4382819335622696,1.7004891680185017,88,4.56,0.538,4,4,2,4,6,1,8,0,7,8
89,UNLV,9.842939555708469,105.4,95.6,68.5,29,4.21,0.7041174444635586,0.8276158717569376,8.276158717569377,8.59229830367557,-4.24817327134253,18.992285217792848,1.522193655434178,1.9409962242559242,89,6.05,0.333,1,8,3,2,5,3,6,1,4,12
90,South Dakota St.,10.373893899706914,112.5,102.1,70.9,31,-0.81,1.3979867374633643,0.6290211653464258,6.290211653464258,8.48736505957069,1.348505270709932,24.941643935861165,1.2616935235427333,1.6428951407545505,90,-3.39,0.769,1,2,1,0,10,1,15,1,2,3
91,Chattanooga,9.972134394702834,106.0,96.0,67.1,32,0.92,1.1315167993378543,0.7166134690527753,7.166134690527754,8.315886852744402,-0.07605201556918928,25.9815612551513,1.2600868713138138,1.5289340812573378,91,-0.57,0.75,1,1,2,1,12,2,10,3,4,2
92,Belmont,9.871593108084411,106.5,96.6,70.5,31,0.91,1.1201991385105514,0.7200483176240573,7.2004831762405725,8.182405039196071,-0.4119606713970718,20.05423146542186,1.5135733875747044,1.8045640383408583,92,-1.95,0.733,1,2,1,3,7,2,15,0,4,4
93,Wichita St.,10.084937645854012,102.9,92.8,69.0,27,0.24,1.2306172057317515,0.6854805466966091,6.8548054669660905,8.091568271376609,-3.8404180426605983,28.539509504945705,1.1421049760006805,1.4779368813475882,93,6.97,0.4,1,5,3,4,4,3,6,1,3,9
94,Richmond,9.736861272356606,107.6,97.8,67.9,34,-1.36,1.3871076590445757,0.6328210876591503,6.328210876591504,7.995567109453009,-1.3983649016331015,31.9295751908892,1.1228756378122742,1.2013474629391276,94,4.7,0.625,3,3,3,8,9,1,7,0,7,10
95,Mississippi,6.095845987041372,104.7,98.6,66.5,32,18.48,-1.5480192516198286,0.5751686712755516,5.751686712755516,7.982643115525303,-8.249073312114497,23.507916027912817,1.3753563511761322,1.6059165744795263,95,8.14,0.3,2,8,3,6,3,5,5,0,6,13
96,Northern Iowa,8.473566014019084,109.0,100.5,68.8,28,6.09,0.2979457517523856,0.8982638705388285,8.982638705388284,7.894626460653565,-1.4631008978539413,27.703597017637165,1.249289580799113,1.3738403610197416,96,4.12,0.615,2,3,4,3,5,3,7,1,6,7
97,Furman,9.367966330862629,110.8,101.5,66.5,33,1.2,1.0209957913578287,0.749041408001095,7.49041408001095,7.856955604006355,-5.079618357217097,25.276621779305394,1.3319921715401077,1.4835636398673093,97,-1.12,0.438,0,2,1,3,7,5,13,2,0,6
98,Washington,5.581911786432144,102.2,96.7,71.1,33,17.01,-1.4285110266959822,0.6182751349334127,6.182751349334127,7.385180454137554,-5.119175371303879,22.593561514390267,1.3907449326355048,1.688000756284168,98,7.08,0.308,0,9,6,2,8,3,3,2,5,10
99,Fresno St.,8.919662654060843,101.8,92.9,62.2,31,-10.2,2.3899578317576053,0.2768908592313182,2.7689085923131818,7.351930665914522,-4.54420539973307,23.439743271935814,1.3063000436340446,1.7396125590520273,99,3.63,0.286,0,6,3,6,5,2,9,0,3,10
100,South Carolina,6.448277191925982,99.5,93.1,72.7,29,8.76,-0.28896535100925225,0.899488305970608,8.99488305970608,6.995552894614827,-1.6962053544772395,28.00620924705078,1.2113185739836125,1.406577712618618,100,10.01,0.364,3,9,4,2,6,2,3,0,7,11
101,Cincinnati,6.428339393726233,102.8,96.3,69.2,32,7.98,-0.1939575757842209,0.9116591566990205,9.116591566990206,6.772381919112581,-4.15097198625822,27.81265233414029,1.2714795323441332,1.3299991044207977,101,4.41,0.333,1,8,2,2,3,3,12,1,4,9
102,Stanford,6.037359816670104,102.9,96.9,67.2,29,7.76,-0.21533002291623693,0.9090429533005424,9.090429533005423,6.448474613464795,-3.805253445669269,29.01440483791545,1.2005306660602748,1.329677248525016,102,10.4,0.231,2,10,3,5,3,1,5,0,7,14
103,Butler,5.029784210062886,100.8,95.7,66.2,31,11.18,-0.7687769737421393,0.8133360668510219,8.13336066851022,6.3080266700562735,-4.99021238329831,20.490172760548994,1.474319351820105,1.8129215454633418,103,10.41,0.267,2,13,3,6,3,0,4,0,6,19
104,Iona,7.9427397626808585,105.1,97.1,71.1,33,-4.91,1.6065924703351073,0.5535714075358115,5.535714075358115,6.096424101524237,-0.8343610713433804,35.87675811754153,0.9979245218659379,1.093595363751249,104,-0.72,0.643,1,2,2,1,11,2,12,2,1,3
105,Louisiana Tech,7.714485330456412,104.0,96.2,69.9,30,-0.68,1.0493106663070515,0.7409734062286175,7.409734062286175,6.051792305563969,-1.3756781875991813,32.42524543439265,1.0688185487688286,1.2488927468422164,105,-0.41,0.625,2,5,1,2,4,2,14,0,2,6
106,Nebraska,4.308291109091968,104.7,100.3,72.8,32,14.22,-1.238963611363504,0.6827751100142964,6.827751100142963,6.051237310370799,-9.284053381188503,25.433442749830686,1.3702779198352346,1.410860790961273,106,9.97,0.231,3,12,0,6,2,3,5,1,3,20
107,Akron,5.811454599908487,106.5,100.7,63.7,30,5.84,-0.003568175011439134,0.9321154199596641,9.321154199596641,5.818221341153963,-3.715414959202615,24.16702232845642,1.4017468645194084,1.4929983529764208,107,-4.18,0.625,0,1,2,2,5,4,14,2,1,2
108,UC Santa Barbara,6.737766720147491,105.5,98.8,66.9,25,2.36,0.5472208400184364,0.8586556358131148,8.586556358131148,5.618570686339249,-6.40513627835027,24.398117611836824,1.3246221872619925,1.590529092570455,108,-4.26,0.385,0,2,1,0,2,6,11,3,0,2
109,Nevada,5.177269632282787,104.9,99.7,72.1,29,6.05,-0.10909129596465161,0.921388448124498,9.21388448124498,5.387696729673721,-6.396091086952566,23.22032287110254,1.3759452801016347,1.6382677201485545,109,7.02,0.231,1,8,0,6,5,2,6,1,3,16
110,Liberty,4.612445707802792,103.7,99.1,67.4,30,7.86,-0.4059442865246511,0.8824754342792234,8.824754342792234,5.350605403302355,-5.230355970429031,22.423319719614774,1.5019676490631133,1.5366431946104753,110,-3.37,0.562,0,2,1,3,5,2,13,4,1,2
111,George Mason,5.086237618871763,104.3,99.2,66.4,30,6.15,-0.13297029764102963,0.9187545776397447,9.187545776397446,5.335637405926346,-7.884620882131237,31.452953325594773,1.1740277423309866,1.1631503627151116,111,1.54,0.25,1,3,0,6,6,4,7,3,3,8
112,Middle Tennessee,6.682835846813191,103.7,97.0,68.8,31,-2.54,1.1528544808516488,0.7100688134698113,7.100688134698113,4.964009120266623,-3.0018276823803802,33.47632664606443,1.0378296439403023,1.2145562295147623,112,-1.54,0.438,0,3,2,4,7,3,12,0,0,6
113,Missouri,3.2177188180895655,101.7,98.4,67.6,31,21.07,-2.2315351477388043,0.3268861096237774,3.268861096237774,4.920624183714671,-7.00687313190998,17.21249837230303,1.5850052816276987,2.1085983095143233,113,10.45,0.154,2,12,2,6,3,1,4,1,6,17
114,Morehead St.,6.524573297922757,102.3,95.8,66.5,31,-10.06,2.073071662240345,0.38116472463109025,3.8116472463109026,4.708671203575077,-3.6195917808110813,28.26843381434842,1.2073765701938974,1.387962790403172,114,-3.68,0.526,0,6,1,2,3,1,16,2,2,8
115,Stephen F. Austin,6.745612404602738,102.0,95.3,71.2,26,-7.92,1.8332015505753423,0.4688398529244726,4.688398529244726,4.505083770868754,-2.3749234471892535,23.552987533825473,1.3758823689138069,1.5999068900473756,115,-1.57,0.615,0,2,1,0,9,5,8,1,2,3
116,Minnesota,3.3972962408652734,103.9,100.5,67.1,30,8.08,-0.5853379698918408,0.8515731355672251,8.515731355672251,4.432630267441279,-4.542155559177264,27.84816240187196,1.2117364112179587,1.4212747527308014,116,10.14,0.286,2,13,3,4,3,0,5,0,5,16
117,Saint Peter's,6.397657708073027,98.0,91.6,67.8,29,-8.37,1.8459572135091282,0.46407804135615793,4.640780413561579,4.3604440702413925,-5.502202695858294,25.116317984196083,1.3597866603917639,1.457504761817971,117,-2.15,0.5,0,3,0,1,8,2,10,5,0,3
118,Florida St.,3.4407751644641706,102.1,98.7,70.1,31,7.31,-0.4836531044419786,0.8698372283390944,8.698372283390944,4.288567054453417,-3.042538681835815,22.33947621304547,1.5390295659750746,1.4971037272633965,118,8.14,0.308,4,7,3,6,5,1,5,0,8,11
119,Central Florida,5.383951290382797,103.8,98.4,69.4,30,0.0,0.6729939112978496,0.834174852817662,8.34174852817662,4.212602317622187,-2.1288255874733437,24.20494114130092,1.3167444296768678,1.6265469143218754,119,4.8,0.308,3,6,1,3,4,2,10,1,5,9
120,Temple,5.394722899587293,99.7,94.3,68.9,29,-0.64,0.7543403624484116,0.816601443315083,8.16601443315083,4.068790187950076,-3.377230758647105,22.394000817262864,1.428435746786966,1.6488176851391052,120,4.45,0.5,1,4,3,4,5,3,8,1,3,9
121,California,2.3701338537076566,98.9,96.5,66.1,31,11.11,-1.0924832682865429,0.728351556863504,7.283515568635039,4.032910905365356,-8.268685163785253,22.342248359216057,1.443863692988295,1.6303741515888646,121,7.52,0.167,1,8,1,8,4,2,6,1,4,16
122,Yale,3.1020026805032757,99.4,96.3,70.6,28,6.95,-0.48099966493709057,0.8702872007016005,8.702872007016005,4.014427957427628,-3.790573260600553,25.655319407856545,1.2608888592879652,1.5629939918260707,122,-1.51,0.571,0,4,2,0,4,5,12,1,0,4
123,Princeton,5.913954992926563,108.7,102.8,68.7,27,-3.55,1.1829943741158204,0.7006737882434289,7.0067378824342885,3.9640045979242844,-2.3641557667084214,29.498633780535698,1.272098195737272,1.1849915268007707,123,-4.35,0.75,0,0,2,0,5,6,14,0,1,0
124,Louisville,2.17676520445535,100.7,98.6,68.6,31,20.72,-2.317904349443081,0.2990435542859859,2.990435542859859,3.8081755564136355,-6.891787601465271,24.929276883936186,1.318537457474351,1.5420920606796402,124,7.6,0.267,2,10,3,4,4,4,4,0,4,14
125,Boston College,2.644257777398593,101.7,99.1,66.6,33,8.15,-0.6882177778251759,0.8309918899603781,8.309918899603781,3.7517949638824133,-9.180061166883604,25.15427625410179,1.3382235232666049,1.4864700357530534,125,5.45,0.25,3,9,1,5,4,5,5,1,4,12
126,UC Irvine,3.446236382057876,97.8,94.3,67.5,22,4.39,-0.11797045224276548,0.9204183181608162,9.204183181608162,3.724614866414308,-3.655066967692413,17.982685564357986,1.591228024669927,1.9705757593559317,126,-0.44,0.462,1,1,2,2,1,4,9,2,2,3
127,Utah Valley,4.903063627970894,101.0,96.1,67.5,30,-1.3,0.7753829534963618,0.8118270090038966,8.118270090038965,3.581961022878534,-4.438028547984722,23.710808305419487,1.3253715386698623,1.6693773655845916,127,-0.34,0.444,0,1,3,4,5,6,10,1,4,5
128,Wofford,5.458457185515186,104.5,99.1,65.8,29,-5.91,1.4210571481893983,0.6209104184437774,6.2091041844377735,3.4536366507063656,-5.7351952994374,24.77610024109906,1.2959668956346024,1.598177431383997,128,-1.37,0.438,0,1,0,4,5,6,12,1,0,7
129,Utah,2.395020286296969,103.4,101.0,68.7,32,7.2,-0.6006224642128789,0.8486518608163842,8.486518608163841,3.402208633283366,-8.927268596606108,28.828424271850203,1.2448853291378696,1.278617004208624,129,7.36,0.267,0,8,3,9,5,3,4,0,2,18
130,Western Kentucky,5.3087168363095145,103.7,98.4,70.3,29,-6.41,1.4648396045386893,0.6053340140865604,6.053340140865604,3.2850187025624735,-5.306202612344457,29.147884412878074,1.1766078799809636,1.356532811961125,130,0.17,0.462,0,2,1,7,5,3,11,0,1,5
131,Kent St.,3.6313762056381336,100.9,97.3,67.8,31,1.65,0.2476720257047667,0.9049513191962163,9.049513191962163,3.1836681392449364,-4.405071638169627,28.678128786178508,1.2352611586835254,1.306100188354743,131,-2.69,0.667,0,2,2,0,7,5,12,3,2,3
132,Southern Illinois,4.952282418082319,101.1,96.1,64.1,29,-4.15,1.13778530226029,0.7147000878016448,7.147000878016448,3.1525751435141554,-6.249791026429492,26.711776269323487,1.2057244443723438,1.5495928829912613,132,1.23,0.385,1,4,0,5,4,3,10,2,2,11
133,Colgate,4.900844722910961,105.6,100.7,69.2,33,-5.91,1.35135559036387,0.6451909619949528,6.451909619949529,3.1328544344951306,-6.492276874309962,30.786814915457548,1.1696635778362925,1.2235844087720302,133,-7.42,0.444,1,2,0,0,1,6,20,3,1,2
134,Florida Atlantic,3.8801435503321215,104.0,100.1,69.5,30,0.06,0.4775179437915152,0.8708756250506845,8.708756250506845,3.0206817064411116,-8.90617969547408,24.156362896704724,1.3459611063865542,1.5814280778779002,134,-2.29,0.286,0,3,0,4,4,6,11,2,0,5
135,Georgia Tech,1.697519372326667,98.6,96.9,69.9,32,8.23,-0.8165600784591667,0.8022092582409925,8.022092582409925,3.0069002918797567,-9.762197116656303,30.677475635856336,1.101134024971553,1.3463883204438118,135,6.14,0.25,0,12,2,5,4,2,6,1,1,16
136,Montana St.,3.53295524833608,102.4,98.9,69.5,31,-1.97,0.68786940604201,0.8310652675499295,8.310652675499295,2.3695772160440667,-3.1770185542917346,30.50482268494033,1.1092726688049699,1.347655252318959,136,-6.21,0.571,0,1,0,1,3,3,21,2,0,2
137,Buffalo,4.309451343639736,105.0,100.7,72.9,28,-11.66,1.996181417954967,0.4087169130631211,4.087169130631211,2.2753096498331224,-4.798207807382013,27.442896898447472,1.2401158660236216,1.4135226713995181,137,-2.49,0.588,1,1,1,5,3,3,12,2,1,4
138,Seattle,3.363499395739211,98.1,94.7,72.2,29,-1.99,0.6691874244674014,0.8349631573663773,8.349631573663773,2.166707199915437,-3.8331886052914044,30.350465593888195,1.1991850338283958,1.2159973716113606,138,-3.94,0.455,0,1,0,5,5,2,15,1,0,6
139,Texas St.,4.170975439984616,104.3,100.1,65.5,24,-5.46,1.2038719299980771,0.6940648195178076,6.940648195178076,2.010541958317899,-1.4719219879626806,28.038509919485126,1.2379811512326786,1.3601946297267646,139,-3.42,0.667,0,3,0,0,5,1,13,2,0,3
140,Sam Houston State,2.5359823299482827,99.4,96.8,66.5,30,0.0,0.31699779124353533,0.8956223542492255,8.956223542492255,1.952947770090274,-7.399006861150912,18.466838364786607,1.6193792654176609,1.8526523912267983,140,-0.29,0.412,0,3,0,5,5,6,10,1,1,8
141,Ohio,3.4356344302582897,102.9,99.4,68.8,33,-4.52,0.9944543037822862,0.7564508046178796,7.564508046178796,1.9520601541537645,-3.1774088610610356,28.872183335946325,1.2032164388458775,1.3383508171710905,141,-4.08,0.533,0,2,1,3,5,2,18,2,1,4
142,Charleston,2.203893438926741,102.0,99.8,75.8,31,0.96,0.15548667986584264,0.9161975665980826,9.161975665980826,1.9201294748901456,-7.1302794788112,32.043159169513544,1.090374171727639,1.244573122745369,142,-1.23,0.5,0,2,2,2,4,8,11,2,3,5
143,Delaware,2.8000226179414085,104.4,101.6,68.7,34,-1.62,0.5525028272426761,0.8576913190731872,8.576913190731872,1.9096304440106981,-6.193286505129986,31.012631056130296,1.0946121769524033,1.3274881085931547,143,-2.36,0.611,0,1,1,4,5,6,15,2,1,3
144,Longwood,2.0600922581421486,104.3,102.2,67.4,27,-1.23,0.41126153226776857,0.8816457099323298,8.816457099323298,1.250214352957774,-2.977066630103028,21.885064308977064,1.4578728432798589,1.662418014223629,144,-7.41,0.545,0,1,0,0,2,3,19,2,0,1
145,North Dakota St.,2.6611869850818124,101.8,99.1,68.1,30,-4.85,0.9388983731352265,0.7714739046320053,7.7147390463200525,1.124736011714261,-4.36917955908018,25.292517828504153,1.3211674086144272,1.4990917105300532,145,-4.49,0.533,0,2,0,3,1,3,19,2,0,6
146,Jacksonville St.,1.7197362517413097,102.9,101.2,66.8,29,-1.39,0.3887170314676637,0.8851290828975219,8.85129082897522,0.9925436154336711,-5.309458269023956,28.10829514492874,1.2278479897884529,1.3697282546717486,146,-4.68,0.688,0,2,1,1,3,2,15,5,0,3
147,Abilene Christian,2.8687752828814865,100.5,97.6,71.5,27,-6.1,1.1210969103601858,0.7197767796257267,7.197767796257267,0.9810742408837194,-3.818856069323612,30.986366610766613,1.1936902327644279,1.1722631428904682,147,-1.81,0.5,0,1,2,5,4,4,11,0,0,4
148,Cal St. Fullerton,3.0637728812842226,102.6,99.6,67.5,27,-13.07,2.016721610160528,0.40129253890139477,4.012925389013947,0.9761392251949776,-3.959284330474702,32.66032967553203,1.0174301085337016,1.3224583000519525,148,-2.88,0.533,0,2,2,0,5,3,11,4,0,3
149,New Mexico,0.5319194404964946,102.3,101.8,72.8,30,2.2,-0.2085100699379382,0.9098852713711342,9.098852713711342,0.9201052380865364,-9.00369288472281,27.365523608650285,1.2131715337083933,1.467025008417773,149,4.88,0.182,0,4,1,9,4,4,7,1,3,14
150,Georgetown,-1.098437370126888,102.2,103.3,71.6,31,10.4,-1.437304671265861,0.6151572206954133,6.151572206954134,0.8054784952758491,-12.654999921782789,34.203340020296494,1.0465643412314942,1.1417043400582345,150,9.48,0.0,0,12,1,9,1,3,4,1,1,21
151,N.C. State,-1.1766855782619245,103.4,104.6,69.6,32,12.63,-1.7258356972827407,0.5090606215495415,5.090606215495415,0.7182524287294039,-11.421818437485179,31.736646196478446,1.1264165860187016,1.2116182712852392,151,6.81,0.25,1,10,2,5,3,5,4,2,1,15
152,South Alabama,1.4110663517237754,101.6,100.2,68.3,26,-1.34,0.3438832939654719,0.8917917528032515,8.917917528032515,0.7084533502719589,-6.473661366279252,25.520458875355423,1.3138783073582299,1.4870642962091567,152,-3.49,0.385,0,1,0,1,5,6,10,3,0,2
153,Hofstra,1.863388097128535,105.7,103.9,71.0,30,-4.86,0.8404235121410669,0.7964681652988896,7.964681652988896,0.45287591866258725,-3.71246965677825,21.702324159317808,1.4720509095615115,1.6620733743613147,153,-0.37,0.529,1,2,0,3,8,3,10,3,1,5
154,Rhode Island,1.1523595438565337,95.9,94.8,69.6,30,-1.93,0.3852949429820667,0.8856499663058148,8.856499663058148,0.44980227548932594,-8.74610485570799,28.44389104501051,1.2038238555272633,1.3771943926347452,154,1.42,0.231,0,4,1,4,5,5,8,3,1,9
155,UTEP,1.9476376625445937,99.8,97.9,68.3,31,-6.61,1.0697047078180741,0.7350588694923054,7.3505886949230534,0.3074105683024815,-5.70536832394912,34.015827301899606,0.9960781311051571,1.244626420765088,155,-0.83,0.5,0,3,2,4,4,4,12,2,1,7
156,Pittsburgh,-1.6789780338445581,98.4,100.1,65.8,32,11.88,-1.6948722542305699,0.5206611327685405,5.206611327685406,0.2184355199214092,-9.831245254877206,23.479013652979788,1.4466747489058966,1.5005719648778373,156,7.47,0.273,2,8,2,6,6,4,2,2,4,12
157,UNC Wilmington,-1.200472201321503,100.6,101.8,66.8,30,4.19,-0.6738090251651879,0.8340056551179698,8.340056551179698,-0.027890649790114797,-4.4521877705873365,26.181842081557498,1.3039370021965366,1.4357025102206782,157,-3.69,0.643,0,0,1,0,8,6,12,3,1,1
158,Saint Joseph's,-1.136323758014214,96.6,97.7,69.5,30,3.35,-0.5607904697517767,0.8561672153998605,8.561672153998606,-0.1402457601665571,-10.742353551514878,27.275484406564924,1.2259538584940186,1.4538785217770205,158,2.76,0.154,0,4,1,6,3,7,7,2,1,10
159,Samford,0.4810894899445515,102.8,102.3,70.9,29,-2.81,0.41138618624306894,0.8816261977211954,8.816261977211955,-0.28617585085736374,-3.439587016702376,27.581957797015775,1.1799864833110307,1.505215662137132,159,-0.73,0.467,0,1,2,4,5,3,12,2,4,5
160,Monmouth,0.8207686764480115,100.6,99.8,67.7,34,-4.99,0.7263460845560015,0.8228068165733854,8.228068165733854,-0.31144984175363544,-5.939285353813993,25.398637229807612,1.3873759160708643,1.3904723333358429,160,-1.07,0.556,0,1,3,3,7,7,11,2,1,1
161,Illinois St.,-1.0053256919315743,101.9,102.9,70.0,32,0.98,-0.24816571149144678,0.9048876039406902,9.048876039406903,-0.5676775071946233,-11.635436927035823,23.578441687299716,1.313080957987491,1.708791867349523,161,1.0,0.071,0,5,1,6,2,6,9,3,2,12
162,Drexel,0.8085210629377997,102.1,101.3,68.2,28,-5.87,0.834815132867225,0.7978284976973332,7.978284976973332,-0.6724595980063967,-8.422368628982806,28.361094507228206,1.1259085920871112,1.5288288752107573,162,-2.11,0.429,0,1,0,3,4,9,10,1,1,3
163,UC Riverside,1.1138886398130836,99.7,98.6,67.7,24,-6.18,0.9117360799766354,0.7785774973150511,7.785774973150511,-0.6727148227978774,-5.410114685026397,26.964129804922717,1.206405307671889,1.52109802380337,163,-0.71,0.385,0,3,1,1,3,5,9,2,1,3
164,Fordham,0.3246966273559053,92.4,92.1,69.7,32,-4.79,0.6393370784194882,0.8410410373576561,8.41041037357656,-0.7397988126740427,-8.48562263160753,28.70015663599473,1.1271884987023681,1.4904646175508067,164,0.32,0.214,0,5,0,4,5,5,11,2,0,10
165,Jacksonville,0.2828681579399728,99.1,98.8,62.9,27,-4.26,0.5678585197424966,0.854856687355971,8.54856687355971,-0.8095812897141195,-5.820007649284449,20.76378963922678,1.5577426212504184,1.6474025953355764,165,-4.98,0.375,0,0,0,3,3,7,14,0,0,0
166,Winthrop,0.7900137672300929,104.8,104.0,69.3,29,-6.91,0.9625017209037616,0.7651720188234139,7.651720188234139,-0.8175056203949702,-3.8273968517961663,32.00244361095076,1.1034106669082062,1.2264143306870967,166,-3.1,0.412,0,4,1,1,3,4,15,1,2,4
167,Hawaii,0.5998954444496007,100.4,99.8,65.9,24,-4.99,0.6987369305562001,0.8287642684835311,8.287642684835312,-0.8349276716692362,-6.834940954161894,29.30259186786904,1.1786555092330762,1.3388621687121514,167,-2.41,0.455,0,1,0,3,3,4,10,3,0,2
168,Portland,1.081217375622856,100.8,99.7,71.2,28,-13.6,1.835152171952857,0.46811127780136713,4.681112778013671,-1.0216618843532326,-5.648329698099207,28.877017142925347,1.236508456874832,1.2866636988772528,168,-0.3,0.4,1,6,0,1,2,4,12,2,1,7
169,Northern Kentucky,0.2794536927496978,100.4,100.1,65.5,30,-5.98,0.7824317115937123,0.8102064874178638,8.102064874178637,-1.051563407322056,-8.183837242930625,26.728064382246863,1.3257739775189823,1.3510269223971538,169,-6.63,0.533,0,1,0,1,3,3,15,7,0,2
170,UNC Greensboro,0.026630452887914657,99.1,99.1,64.5,29,-5.04,0.6333288066109893,0.8422422151833305,8.422422151833306,-1.1136832442965912,-7.345681324827279,26.024264392132803,1.2738093016893415,1.5006761997238331,170,-1.3,0.467,0,1,3,2,4,5,8,6,3,4
171,Cornell,-1.6370419383919028,101.2,102.9,72.8,24,0.1,-0.21713024229898786,0.9088194329093079,9.08819432909308,-1.159935979182468,-6.015605638215529,30.733912861613078,1.0689832839523623,1.401584811921418,171,-3.03,0.357,0,3,0,3,4,3,9,2,0,3
172,Norfolk St.,0.4889235869248125,100.0,99.5,68.3,27,-7.43,0.9898654483656015,0.7577166928395682,7.577166928395682,-1.2464125103210013,-4.060436250847577,24.61736357949071,1.337619342874127,1.5443781091929978,172,-10.23,0.533,0,1,0,1,1,2,19,3,0,2
173,VMI,0.5987719457217509,108.1,107.5,70.8,28,-8.53,1.1410964932152188,0.713686261786248,7.13686261786248,-1.25542863999852,-8.800123802746587,30.165708427693907,1.1495489842303965,1.308953590880741,173,-1.61,0.353,0,1,2,2,5,6,6,6,2,3
174,Loyola Marymount,-0.4541640495163506,105.4,105.9,67.0,27,-3.8,0.41822949381045615,0.8805507279411567,8.805507279411568,-1.2769922973552363,-7.04198154869443,27.343518202561583,1.2387255916919613,1.4255434796504944,174,4.07,0.333,1,6,0,4,4,4,6,2,1,11
175,Long Beach St.,0.7111310179187456,101.1,100.4,72.4,29,-10.79,1.437641377239843,0.6150376466837044,6.150376466837044,-1.3012595356035999,-5.138924413198229,34.51848401715269,1.0967521216605016,1.0424232232796968,175,1.01,0.5,0,4,0,4,6,2,11,2,0,6
176,Troy,-2.7047213909300183,96.6,99.3,68.2,27,2.65,-0.6693401738662523,0.8349315817149855,8.349315817149854,-1.439965370276507,-5.403135536414467,26.881571115186254,1.2173128257362533,1.509790017219576,176,-3.92,0.6,0,1,1,1,6,4,10,4,0,1
177,Georgia St.,0.4417988964769535,97.5,97.1,68.9,26,-8.25,1.0864748620596192,0.7301310774140836,7.301310774140836,-1.4638775905516535,-6.184720372548785,31.13734080639537,1.2345592205271745,1.1057663863463603,177,-2.69,0.533,0,1,0,3,6,3,9,4,0,2
178,Wright St.,-0.2470730176837037,102.8,103.1,70.4,33,-6.5,0.781615872789537,0.8103945956527159,8.10394595652716,-1.479883667746243,-8.271184846909215,24.91624398562883,1.3727969050527375,1.458517099919422,178,-6.18,0.5,0,1,0,0,6,7,14,5,0,1
179,Massachusetts,-0.45981230627218395,108.3,108.8,71.7,32,-6.49,0.753773461715977,0.8167287606096947,8.167287606096947,-1.6859413318712608,-8.336084423895961,22.698962499858318,1.340768286107592,1.767122218882026,179,2.24,0.312,0,5,4,4,5,4,6,4,3,8
180,Florida Gulf Coast,-1.9287761676634432,103.1,105.0,71.3,29,-1.37,-0.06984702095793038,0.9255478688299528,9.255478688299528,-1.7935866186454497,-6.192583655007795,26.529654247788176,1.2494309421811172,1.489691993819953,180,-4.96,0.462,0,1,1,1,1,4,17,4,0,2
181,Oral Roberts,0.2642638353471227,107.6,107.3,72.6,27,-10.99,1.4067829794183904,0.6259370084854192,6.259370084854192,-1.8537739446319872,-5.658306124432205,28.814424810586903,1.1879003744993977,1.3687721077573096,181,-4.25,0.533,0,3,0,2,2,3,14,3,0,6
182,East Tennessee St.,-2.4023294352979576,105.4,107.8,67.4,29,-0.68,-0.21529117941224468,0.9090477707821323,9.090477707821323,-1.9912871412842579,-8.20199758494405,27.78138797042741,1.197326937263506,1.4529435820522476,182,0.92,0.375,2,2,0,3,6,7,5,4,3,5
183,Kennesaw St.,-3.4249579070263962,103.1,106.6,67.7,27,2.54,-0.7456197383782995,0.8185523829063206,8.185523829063206,-2.0372762762361485,-12.075338527449805,24.571511578544097,1.3860969126169165,1.474120406214854,183,-1.74,0.2,0,3,0,3,1,7,8,5,0,4
184,Louisiana,-0.8806921004614594,100.3,101.2,71.1,28,-6.16,0.6599134874423176,0.8368711543932498,8.368711543932498,-2.095500189262534,-9.282329875972533,32.05742574344259,1.1179026590507246,1.1987071033173196,184,-2.84,0.471,0,2,0,1,4,8,9,4,0,2
185,Coastal Carolina,0.21096364576743554,99.8,99.6,68.4,25,-12.62,1.6038704557209293,0.5545802231060596,5.545802231060596,-2.118586787221265,-9.453979387096368,27.07392653123765,1.2144362959617796,1.4948203239101123,185,-2.52,0.444,0,0,0,1,4,6,8,6,1,1
186,Weber St.,-0.43263567525559665,101.7,102.1,70.7,31,-9.77,1.1671705405930504,0.705628057392538,7.056280573925379,-2.16394155966462,-7.728398604485108,23.203588060491843,1.4004348471147465,1.5998298968218299,186,-5.14,0.6,0,1,0,2,3,5,16,4,0,4
187,Texas Southern,-1.5441328608180527,95.8,97.3,70.1,29,-4.58,0.3794833923977434,0.8865298420983414,8.865298420983414,-2.2549121040205984,-6.888144601273112,25.87624093708802,1.2855353889460919,1.4964317153216908,187,-6.95,0.474,1,3,0,2,0,2,16,5,1,4
188,Nicholls,-1.753600889276612,98.6,100.3,72.3,28,-4.1,0.29329988884042346,0.8988989548151844,8.988989548151844,-2.3238180630825713,-5.683448923267893,30.312195110948032,1.1965827881187139,1.2229684891359753,188,-6.18,0.471,0,4,1,1,1,2,15,4,1,4
189,Tulsa,-1.4718599259167178,100.5,101.9,68.4,30,-5.3,0.47851750926041026,0.8707069276636921,8.70706927663692,-2.332991534396097,-10.554886129700481,24.64669677474165,1.269339349040074,1.6631186644062912,189,3.75,0.214,0,6,1,6,3,5,6,3,1,10
190,Bryant,-0.8068536333130254,101.1,101.9,75.5,30,-8.34,0.9416432958358718,0.7707471906552836,7.707471906552836,-2.3466416661219935,-5.040647295708638,26.27504985122934,1.4246454440509377,1.2638376372537796,190,-7.57,0.533,0,2,0,1,1,2,20,4,0,2
191,Tarleton St.,-0.40074643262548193,99.5,99.9,64.2,27,-9.96,1.1949066959218149,0.6969128451330212,6.969128451330212,-2.3619291019223976,-7.536167424736618,25.132826300418174,1.3723975157170147,1.437382539598236,191,-0.52,0.25,0,3,0,5,3,5,9,2,0,6
192,Appalachian St.,-1.5797126209487686,97.2,98.7,66.7,30,-5.92,0.5425359223814039,0.8595063736244096,8.595063736244096,-2.54628821495481,-8.04050819215501,32.76346037183062,1.0857404671027433,1.1925590241600164,192,0.11,0.357,0,3,0,3,6,4,9,5,0,5
193,Wagner,-0.34570671218241955,100.1,100.5,67.9,26,-14.86,1.8142866609771975,0.47591116556519375,4.759111655651937,-2.5913873785455808,-2.2643230631171747,18.5839582277088,1.5898160860506143,1.883141954261904,193,-8.3,0.643,1,2,0,0,1,2,18,2,1,2
194,Arkansas St.,-3.0075093180117562,96.9,99.9,70.3,25,-1.61,-0.17468866475146952,0.9139594102553236,9.139594102553236,-2.6333786859135797,-6.109689929775964,26.87663875789935,1.2051497961200406,1.5328149320909858,194,-3.6,0.429,0,2,0,0,3,7,11,2,0,2
195,East Carolina,-2.5532816131215412,98.5,101.1,69.8,31,-3.04,0.06083979835980735,0.9264735507405569,9.26473550740557,-2.6652733365041685,-7.14292527425199,35.843076322207835,0.9936599278386943,1.1031644201278716,195,1.79,0.273,1,2,0,9,3,4,12,0,2,7
196,Fairfield,-0.8560247576061926,98.9,99.7,66.3,32,-12.4,1.442996905299226,0.6131338844311885,6.131338844311886,-2.712241349172902,-12.554984106795686,28.67677810764834,1.20208259801428,1.3582146587141795,196,-4.08,0.471,0,1,0,4,3,7,11,6,0,1
197,South Dakota,-1.1554212033618967,103.9,105.0,67.1,28,-8.52,0.9205723495797629,0.7762840752536385,7.762840752536385,-2.75400932457408,-7.276595294421167,21.680005359440607,1.4616649280942458,1.681161300891857,197,-5.16,0.429,0,0,0,4,2,5,14,3,0,4
198,Niagara,-0.7231881082891078,100.1,100.8,65.4,29,-15.58,1.8571014864638615,0.4599231013751038,4.599231013751038,-2.7568629263186284,-10.106974176257626,21.35469510360894,1.4493706480703643,1.7421037824462717,198,-2.6,0.368,0,2,1,2,2,8,10,4,0,2
199,Cal Baptist,-2.4699155585238657,97.9,100.4,69.1,29,-3.93,0.1825105551845168,0.9130322757602398,9.130322757602398,-2.819533427975883,-8.184198495159638,33.57046936536593,1.0847445541733904,1.1304045882794893,199,-3.05,0.25,0,2,0,3,2,7,13,2,0,5
200,Georgia,-4.1686592674526395,104.6,108.8,70.4,31,17.19,-2.66983240843158,0.201049376695505,2.01049376695505,-2.8678168253224188,-13.311443261126954,30.658721481393584,1.1258519871975325,1.304788565058537,200,9.52,0.0,2,11,0,7,0,5,4,2,2,18
201,Old Dominion,-2.477216738094654,97.9,100.4,66.7,30,-4.74,0.28284790773816826,0.9003148788940221,9.003148788940221,-2.9995380125717057,-12.120949996559148,18.832669846632886,1.6543382699072489,1.7524440792890839,201,-1.05,0.214,0,0,2,6,3,8,7,4,1,2
202,Oakland,-2.7303088112867897,101.5,104.2,69.0,31,-3.94,0.15121139858915128,0.9166886357176286,9.166886357176287,-3.0063845209050006,-7.102334552338245,27.937968594225815,1.2479084623045797,1.3540794374956069,202,-3.24,0.5,1,2,1,2,4,3,12,6,3,4
203,George Washington,-4.539004093435992,98.1,102.6,71.0,30,2.42,-0.869875511679499,0.7892127722632876,7.892127722632876,-3.089590919023052,-10.799898753932318,29.104926637122947,1.1667105202534906,1.3773809532605363,203,0.59,0.214,0,5,0,3,4,6,8,4,0,8
204,Cleveland St.,-1.6947066607338712,102.5,104.2,69.6,28,-8.3,0.8256616674082662,0.800034099862314,8.00034099862314,-3.162598287429414,-6.3759530411891205,34.43844609814876,0.9947262031726803,1.2118329623991007,204,-6.3,0.455,0,2,0,0,1,5,17,3,0,2
205,Dartmouth,-2.4304920399848413,96.9,99.4,66.6,25,-5.63,0.3999384950018948,0.883406533644605,8.83406533644605,-3.2658827056405713,-11.885120780248254,25.349579756906508,1.4210439986698338,1.3507542095686573,205,-2.15,0.25,0,1,0,5,3,6,5,5,0,1
206,Northern Colorado,-4.464859727261256,104.9,109.4,71.5,31,0.58,-0.630607465907657,0.8427838356629618,8.427838356629618,-3.3865033150061734,-7.8448993392106345,31.759272340905568,1.0731594867761727,1.2990143859968186,206,-3.55,0.412,0,4,0,0,4,4,13,6,0,4
207,Southern Utah,-1.3053974783401827,102.1,103.4,70.5,28,-14.55,1.6555753152074772,0.5353501797439968,5.353501797439968,-3.431261318266162,-6.64543240098412,23.22597011894591,1.3337675219351444,1.7132265565943794,207,-4.45,0.533,0,2,0,1,5,3,12,5,0,2
208,Valparaiso,-1.9452332550059737,101.5,103.4,66.7,30,-9.49,0.9430958431242533,0.7703619747114453,7.703619747114453,-3.4867832301527666,-9.87203391331268,28.14603400420221,1.155993261458466,1.4919165836769381,208,1.66,0.286,0,4,0,6,4,6,8,2,2,11
209,Kansas City,-2.5059651071639024,99.2,101.8,69.2,26,-6.55,0.5055043616045122,0.8660810184979587,8.660810184979587,-3.516461353540329,-6.979396954224484,26.609989575867125,1.2996125769331934,1.400468097312193,209,-4.47,0.5,0,1,1,3,3,3,10,5,0,3
210,Gardner Webb,-1.377446750158498,95.2,96.6,68.9,27,-13.0,1.4528191562301878,0.609633345349513,6.09633345349513,-3.518317136650047,-7.088077826676344,26.588642735475986,1.2845554499547376,1.425812439224495,210,-4.87,0.4,0,2,0,1,3,5,12,4,0,3
211,Purdue-Fort Wayne,-4.557232730999104,97.0,101.5,69.8,30,0.0,-0.569654091374888,0.8545221848666372,8.545221848666372,-3.5469242456754313,-7.780156148595321,25.930949231574942,1.2436589524759885,1.5641060811214635,211,-7.52,0.462,0,0,0,1,2,5,17,5,0,0
212,Rice,-3.5665437133354914,104.1,107.7,69.3,29,-3.52,-0.005817964166936418,0.9319015709384065,9.319015709384065,-3.5552244874181023,-8.007224970090189,24.706451732422927,1.2841653500066237,1.6277773151062274,212,-1.31,0.353,0,4,1,3,3,6,10,2,1,5
213,Mercer,-1.7579548660109907,102.7,104.5,66.7,30,-13.05,1.4115056417486262,0.6242768890586792,6.242768890586792,-3.702994669299244,-9.727900679254997,28.3517392986994,1.2129619564263212,1.3708832133830664,213,0.03,0.25,0,2,0,4,5,8,8,3,0,7
214,Charlotte,-2.3510548218226717,102.6,104.9,67.3,30,-8.91,0.8198681472721661,0.8014207426505257,8.014207426505257,-3.7338206537452656,-7.884851905007384,28.601576567537663,1.2491100603841558,1.292311121366477,214,-0.63,0.417,0,2,0,5,6,6,10,1,0,5
215,Quinnipiac,-4.124160502227497,100.9,105.1,70.5,30,-3.2,-0.11552006277843707,0.9206871332630188,9.206871332630188,-3.907141736243329,-11.673770136435678,25.2860947968573,1.2949272667425176,1.543361498332983,215,-3.77,0.375,0,1,0,3,5,7,8,6,0,1
216,UNC Asheville,-4.001914369400595,99.1,103.1,68.8,27,-4.18,0.02226070382492562,0.9303195892580619,9.30319589258062,-4.047551274537605,-9.915267742441713,30.24920363880245,1.2099053184424664,1.208896324022949,216,-5.97,0.462,0,2,0,1,0,5,13,6,0,4
217,Bellarmine,-2.0989618056035226,105.9,108.0,63.0,29,-13.19,1.3863797742995596,0.6330747462243269,6.330747462243269,-4.086311832031764,-6.803712856603461,24.08945128211056,1.3691916220062208,1.5509166691697378,217,0.1,0.5,0,6,1,0,2,4,12,4,0,6
218,Oregon St.,-5.1783329289836075,102.7,107.9,68.9,31,-1.0,-0.5222916161229509,0.8631334057230924,8.631334057230923,-4.268331078924627,-15.28339608409319,27.781266655786133,1.2907890706583873,1.304934907640572,218,9.22,0.0,0,11,0,10,1,5,3,1,0,20
219,Brown,-4.654817063478774,97.7,102.4,69.7,27,-3.66,-0.1243521329348467,0.9197143181028802,9.197143181028801,-4.402049188235509,-9.471866144383416,29.499890722439613,1.147927393992819,1.3727716984209963,219,-0.56,0.4,0,5,0,3,4,4,7,4,1,6
220,Siena,-4.5222649366669145,96.7,101.2,68.4,29,-5.19,0.08346688291663573,0.9241277753022853,9.241277753022853,-4.68362788132442,-9.253171444413205,23.062747846121315,1.4261057782729407,1.5755977264915337,220,-3.22,0.467,0,0,1,2,7,5,7,7,0,1
221,San Diego,-5.224015573470808,95.1,100.4,67.1,28,-3.47,-0.219251946683851,0.9085553616818006,9.085553616818006,-4.794301008544485,-7.419232259821161,30.19995404655042,1.1963360875525806,1.2326995951109627,221,3.08,0.308,0,7,1,4,1,4,10,1,0,10
222,Marist,-4.099711801634285,98.2,102.3,68.1,30,-7.75,0.45628602479571434,0.8744148563224269,8.744148563224268,-4.92354361853453,-11.479341656778285,18.345894099408493,1.6774971031944514,1.7844308088563328,222,-4.44,0.438,0,0,0,3,6,4,8,9,0,0
223,Boston University,-5.1059123864201155,103.2,108.3,67.3,32,-4.72,-0.048239048302514465,0.9277507677972302,9.277507677972302,-5.019174951690066,-8.867160635903073,24.521793827000224,1.309185487086744,1.6035342455756634,223,-8.39,0.5,0,0,0,2,4,3,16,7,0,0
224,La Salle,-4.006267766057434,97.7,101.7,68.9,29,-8.82,0.6017165292428208,0.8484409545352618,8.484409545352618,-5.095832099864514,-11.038539351282157,32.116421187599705,1.103432166167853,1.216915404559023,224,0.31,0.154,0,4,1,4,4,6,6,4,1,8
225,UT Arlington,-4.549094678861593,95.2,99.7,67.1,26,-6.88,0.2913631651423009,0.8991626621180857,8.991626621180856,-5.148055983630251,-9.820693299327893,27.27398571276383,1.227622504750658,1.4511645687471078,225,0.09,0.188,0,5,1,0,4,7,4,5,0,5
226,UC Davis,-3.6554211137825376,95.3,99.0,69.2,21,-8.9,0.6555723607771828,0.8377581672648419,8.377581672648418,-5.151013516435649,-7.0124477691986264,29.959888675519217,1.1227471199459058,1.3742300939621759,226,-4.46,0.444,1,0,0,0,1,5,9,5,1,0
227,Marshall,-5.778002864934024,98.4,104.2,74.4,31,-3.15,-0.328500358116753,0.8939983683199598,8.939983683199598,-5.18976269642853,-13.54860708976381,29.027499401877527,1.2106334738022313,1.3125794105077044,227,0.08,0.25,0,1,1,8,1,7,8,5,1,5
228,Indiana St.,-4.804298685446753,95.9,100.7,70.8,28,-6.51,0.21321266431915586,0.9093052194409138,9.093052194409138,-5.222437128193794,-11.676622157586014,23.725618267467613,1.4506961785728794,1.4695267307728348,228,2.98,0.2,0,4,1,5,2,8,5,3,2,11
229,Texas A&M Corpus Chris,-5.517490245229652,95.8,101.3,70.2,29,-4.33,-0.1484362806537065,0.9170059908471972,9.170059908471973,-5.232204953155351,-6.363199339091338,33.273121884191106,1.0605355246881643,1.192586109093852,229,-9.43,0.611,0,2,0,1,1,2,18,5,0,2
230,Harvard,-5.926438668032006,94.9,100.8,68.8,24,-3.47,-0.3070548335040007,0.8970083958137403,8.970083958137403,-5.258121865495508,-9.412953878631999,33.0148718285635,1.0835858857914964,1.1757893843232279,230,-4.16,0.364,0,0,0,3,3,7,8,3,0,0
231,Southeast Missouri,-5.335812787448518,102.2,107.5,73.8,30,-5.07,-0.03322659843106468,0.9292457152953842,9.292457152953842,-5.2729494768528635,-12.54402099151175,20.02457306057586,1.5532669491774993,1.7450644413116039,231,-3.21,0.222,1,2,1,3,0,7,9,7,1,5
232,Detroit Mercy,-4.227242905335871,104.7,109.0,66.2,27,-8.93,0.5878446368330161,0.8510972568023807,8.510972568023806,-5.354360349108917,-9.703339253684312,20.135955755886584,1.5261998898271236,1.7729650958216172,232,-4.82,0.222,0,1,0,4,1,6,11,4,0,3
233,Penn,-4.231265685249014,102.9,107.1,70.2,27,-9.16,0.6160917893438733,0.8456473247854333,8.456473247854333,-5.4067833287302545,-8.651814296714036,29.627241145997473,1.1972050095088695,1.2803427789927484,233,0.23,0.333,0,3,0,8,4,4,7,1,0,5
234,High Point,-6.253416353888184,97.5,103.7,67.9,29,-2.81,-0.430427044236023,0.8786128607994778,8.786128607994778,-5.452744254081356,-11.780557178915561,28.08687917828008,1.2110835591213345,1.3991813584700055,234,-2.89,0.231,0,3,0,1,2,5,10,8,0,5
235,Navy,-4.836367077218895,91.6,96.5,66.8,31,-7.69,0.35670411534763813,0.8899219229986245,8.899219229986246,-5.472848328527437,-6.172388903253925,24.397909196476242,1.3625305087108286,1.5280728164416395,235,-6.18,0.688,1,1,1,4,2,2,16,4,2,2
236,Rider,-4.13791464912596,97.7,101.9,68.3,32,-10.9,0.845260668859255,0.7952894321643056,7.952894321643056,-5.483953555756548,-12.93060161521586,32.94718477144268,1.1240467812203896,1.1193096523912345,236,-3.26,0.368,0,0,2,3,4,8,7,8,0,2
237,Eastern Washington,-4.38373539277282,101.4,105.8,71.1,30,-10.32,0.7420330759033975,0.8193500741182439,8.193500741182438,-5.657218773853042,-8.658031099145699,31.136031253643445,1.055070976132479,1.3903389607238772,237,-5.41,0.421,1,2,0,1,3,6,12,5,1,2
238,Portland St.,-6.254654566121488,94.1,100.3,73.4,28,-4.04,-0.276831820765186,0.9011218558585397,9.011218558585396,-5.715446804142504,-11.107489131171569,37.57974814822843,0.9446665032387129,1.0571299115701471,238,-5.31,0.375,0,3,0,0,2,6,10,7,0,3
239,Miami OH,-7.424891770474957,101.4,108.8,70.0,28,-0.43,-0.8743614713093697,0.7880911945338811,7.880911945338811,-5.888528196598472,-12.986162164264137,28.331863001724408,1.2417898757709538,1.3273421977771505,239,-3.57,0.333,0,1,1,3,1,8,8,6,0,3
240,Southern,-6.168381783255029,94.1,100.3,70.6,29,-5.01,-0.14479772290687865,0.9174204207299732,9.174204207299733,-5.889994027694024,-8.964115225937295,28.385261814573457,1.139416249732714,1.4991685208024577,240,-5.31,0.4,0,3,2,3,1,2,11,7,1,3
241,UMBC,-5.217141591595237,102.3,107.5,69.9,31,-9.16,0.49285730105059544,0.8682660762937282,8.682660762937282,-6.079848409592875,-9.006062499494075,16.692891037426108,1.701074044699829,1.9882555895941791,241,-5.72,0.375,0,2,0,2,1,4,16,6,0,3
242,James Madison,-6.91296450721714,100.3,107.3,69.8,26,-3.93,-0.3728705634021425,0.8875238459908332,8.875238459908331,-6.153843638425676,-8.798458329644166,24.571982180668066,1.345621532782204,1.536281578729007,242,-1.12,0.462,0,1,2,1,3,9,7,3,1,3
243,Montana,-7.95759395877441,97.6,105.6,67.3,27,0.16,-1.0146992448468013,0.7508126504957386,7.508126504957387,-6.191403541291142,-9.627214048896867,21.015861342179015,1.4896905308818127,1.7184585745901846,243,-5.73,0.214,0,3,0,0,3,5,10,6,0,3
244,South Florida,-7.724780566896371,88.4,96.1,67.4,30,-1.27,-0.8068475708620464,0.804510703718928,8.045107037189279,-6.3598376187404,-12.813053686499572,23.249836796329603,1.3700102706935697,1.644930225683081,244,4.54,0.167,0,6,1,7,3,5,4,4,0,11
245,LIU,-5.530625266858365,97.7,103.3,74.4,29,-9.23,0.4624218416427044,0.873400675175292,8.73400675175292,-6.386891713967701,-8.586398646630073,25.693561461318332,1.343869617062559,1.4235314783560877,245,-6.57,0.235,0,2,0,3,0,5,15,4,0,4
246,Mount St. Mary's,-6.4089990989111385,94.1,100.5,64.9,29,-6.42,0.0013751126361076782,0.9323232774962328,9.323232774962328,-6.411675385700096,-11.144161133498073,19.91853499302048,1.6100702909884583,1.6767570688891131,246,-6.71,0.353,0,3,0,0,0,5,13,8,0,3
247,New Hampshire,-5.007478951405815,100.8,105.8,64.4,26,-11.24,0.7790651310742731,0.810981799643611,8.10981799643611,-6.489298976606097,-9.001577103081754,23.42094386632008,1.3045942163391377,1.745439085560331,247,-6.56,0.357,0,3,0,1,0,1,13,8,0,4
248,Campbell,-5.747403553610056,96.4,102.2,64.5,25,-8.73,0.3728245557987431,0.8875307348886604,8.875307348886604,-6.528841781956574,-9.160072008679183,34.75341989122892,0.9750069579130629,1.2221832324676611,248,-5.61,0.308,0,2,0,0,2,5,10,6,0,2
249,Bowling Green,1.2961198361140305,107.0,105.7,69.4,1,-7.63,1.1157649795142537,0.7213871015139245,7.213871015139245,-6.543287070169229,0.015401118932962143,34.46675691533203,1.0,1.2,249,-13.49,0.0,0,0,0,0,0,0,1,0,0,0
250,UC San Diego,-8.838766301843577,99.6,108.4,69.4,26,3.02,-1.4823457877304471,0.5990435106908565,5.990435106908565,-6.618128484890391,-10.550203402183985,23.09547248080748,1.4889770505752091,1.4830428377623652,250,-3.87,0.267,0,1,1,1,2,6,8,7,0,1
251,Hartford,-8.26556679210772,99.3,107.5,69.0,31,0.0,-1.033195849013465,0.7455857347232591,7.455857347232591,-6.663031023901451,-15.316513438718928,23.77898858272449,1.3703805797446424,1.5833793335562651,251,-8.32,0.263,0,0,1,1,0,3,11,15,1,1
252,Youngstown St.,-7.257561647271444,101.0,108.3,68.3,30,-4.84,-0.30219520590893056,0.8976798797721248,8.976798797721248,-6.7007697824169075,-10.464071769432284,27.906595835923806,1.2141492333154256,1.411486205020537,252,-7.86,0.462,0,2,0,0,1,5,15,7,0,2
253,Manhattan,-7.623191139396596,98.2,105.8,70.6,30,-4.59,-0.3791488924245745,0.8865803056875343,8.865803056875343,-6.931280174984079,-10.010412127605488,20.78243020566785,1.4603292910408598,1.7981201006183183,253,-3.7,0.438,0,0,1,3,4,7,10,5,0,0
254,Lipscomb,-8.696550120395301,99.1,107.8,70.8,30,-1.7,-0.8745687650494126,0.7880392617233326,7.880392617233326,-7.241032948966019,-12.50787064253656,27.17766156422351,1.3097385554571566,1.3324559026958804,254,-2.65,0.278,1,2,0,4,0,6,10,7,1,4
255,North Florida,-5.695579788164778,95.7,101.4,70.5,27,-13.29,0.9493025264794026,0.768710846203539,7.68710846203539,-7.378600785390487,-10.7712970470645,25.830858533807664,1.372937299172718,1.3692034326880032,255,1.54,0.222,0,5,0,5,3,2,5,7,0,7
256,The Citadel,-5.575996027629827,99.5,105.0,72.5,28,-14.38,1.1005004965462717,0.7259656537835855,7.259656537835855,-7.388663854628259,-12.870047986788283,26.55075103047131,1.2463671678646104,1.4928055767499162,256,-1.27,0.333,0,1,0,4,5,6,4,8,0,6
257,Western Illinois,-5.681630412075265,98.6,104.3,72.3,28,-15.07,1.173546198490592,0.7036376586284522,7.036376586284522,-7.567102324079986,-9.03295408746245,24.770842907309124,1.3534809866861695,1.502670748274641,257,-5.82,0.438,0,1,1,2,3,4,10,7,0,3
258,Tennessee Tech,-6.631906209678149,99.1,105.8,71.6,31,-11.68,0.6310117237902313,0.8427034731667825,8.427034731667826,-7.71087301479754,-14.356462759998188,24.763580323404103,1.3398409653646066,1.5250120020479114,258,-1.67,0.211,0,3,0,7,0,5,9,7,0,8
259,Northeastern,-8.682831104727669,95.5,104.2,65.7,31,-4.66,-0.5028538880909585,0.8665414692515342,8.665414692515341,-7.8039924481639025,-15.65384352553292,19.694197689357832,1.5065164528436816,1.8665906381421344,259,-1.12,0.188,0,0,1,5,2,11,6,6,1,4
260,Pepperdine,-7.72658329160835,95.3,103.0,72.7,30,-8.21,0.0604270885489564,0.92651571048912,9.2651571048912,-7.840652152670415,-13.62581732728028,32.361248190282964,1.1041590741563319,1.1956800373238152,260,4.47,0.0,0,9,0,5,0,7,6,3,0,12
261,Illinois Chicago,-8.938348911522525,97.6,106.5,71.4,28,-4.66,-0.5347936139403155,0.8609029128448881,8.609029128448881,-7.932246557053297,-10.779971453588086,39.5935960677492,0.8834781805589644,1.0189274467122054,261,-7.19,0.471,0,2,0,0,2,7,11,6,0,3
262,Eastern Kentucky,-9.702867469334947,98.5,108.2,72.7,26,-2.65,-0.8816084336668684,0.7862701076851469,7.86270107685147,-8.065237071211174,-13.935477324248208,27.34298444710914,1.2015975925633293,1.4900920615023538,262,-4.87,0.071,0,2,0,1,0,7,8,8,0,2
263,Ball St.,-7.539900626415118,98.8,106.3,72.2,31,-10.32,0.34751242169811025,0.8912653193229003,8.912653193229003,-8.160707803515505,-11.673936235096843,25.73725131312141,1.2960639316496194,1.4934834173515896,263,-5.12,0.312,0,1,0,3,2,7,12,6,1,2
264,Tennessee St.,-7.780278732300701,96.0,103.8,69.4,29,-9.61,0.2287151584624123,0.9073691612129754,9.073691612129753,-8.216336435567104,-13.27466725654174,19.770790173150708,1.4847573253505073,1.8951723796806013,264,-6.62,0.278,0,1,0,4,0,6,11,7,0,4
265,Cal St. Bakersfield,-7.529712182037997,96.2,103.7,66.3,25,-10.21,0.33503597724525047,0.8930657487922463,8.930657487922463,-8.235172501508375,-12.244475469878918,35.71595381064465,1.022465412142075,1.0661697661572993,265,-1.14,0.2,1,2,0,1,0,10,6,5,1,2
266,Jackson St.,-9.016156507072182,92.5,101.5,65.7,29,-5.87,-0.39326956338402275,0.884432932700069,8.84432932700069,-8.280890622918175,-11.472163762636068,27.395735925110387,1.2242430523483983,1.444742610777056,266,-4.99,0.25,0,4,0,3,2,4,9,7,0,6
267,Stony Brook,-6.667352711004725,101.0,107.6,70.3,29,-15.1,1.0540809111244094,0.7395976973913321,7.395976973913321,-8.380939496248693,-7.914562551649116,22.792592242411,1.422189210210929,1.6122630272376424,267,-4.28,0.308,0,3,1,2,2,1,13,7,0,4
268,San Jose St.,-9.068564247877234,96.5,105.5,67.8,28,-6.77,-0.28732053098465427,0.8997111462504311,8.99711146250431,-8.509589832730311,-11.978889403166662,23.4182012149516,1.4012559568862875,1.5743667382777176,268,4.3,0.071,0,5,0,9,3,4,4,3,0,13
269,Loyola MD,-8.982622351600057,93.8,102.8,66.1,29,-7.13,-0.2315777939500071,0.9070076210108379,9.070076210108379,-8.541240889035475,-12.258402486757227,26.76308580962941,1.2666714340921919,1.4371377214381447,269,-8.14,0.2,0,1,0,2,2,4,11,9,0,2
270,Duquesne,-10.321910293911571,95.8,106.1,68.2,30,-1.59,-1.0914887867389464,0.7286466018704395,7.286466018704395,-8.615533304388213,-16.237005250945124,24.669722550355623,1.3569979234485046,1.507835454012893,270,2.36,0.077,0,4,0,5,3,9,3,6,1,11
271,Elon,-8.085453899227772,96.0,104.1,67.5,31,-11.07,0.3730682625965285,0.887494239525855,8.87494239525855,-8.749722563437722,-14.30982702964885,20.838126279230337,1.575107729312529,1.614996501392879,271,2.41,0.176,0,6,0,1,2,13,6,3,0,9
272,Southeastern Louisiana,-9.349463639636753,99.4,108.8,72.5,29,-6.82,-0.31618295495459403,0.8957365589647139,8.95736558964714,-8.752548384482015,-9.125179555050924,34.75544719511433,1.0073249699366182,1.1639486212441517,272,-4.75,0.368,0,4,0,2,3,3,11,6,0,5
273,UMass Lowell,-8.157991557634418,94.1,102.3,69.0,28,-10.82,0.3327510552956978,0.8933926208433471,8.933926208433471,-8.801903251617567,-11.353712073985175,24.404771617381392,1.2912759485471712,1.6499158987927145,273,-5.96,0.375,1,2,0,1,1,2,10,11,1,3
274,Pacific,-9.221219228588055,94.6,103.8,69.7,27,-7.97,-0.15640240357350688,0.9160920429584665,9.160920429584664,-8.904238364802195,-13.696028832143828,30.380800764739885,1.1180671182259965,1.3434126510166418,274,1.6,0.0,0,5,1,2,1,10,4,4,1,6
275,Canisius,-7.025447796202343,94.7,101.7,70.6,31,-20.64,1.7018190254747072,0.5180600052668126,5.180600052668126,-8.974877870921233,-14.805693515530248,34.98713905349301,1.0662640353645267,1.0526601435171887,275,-1.66,0.059,0,1,0,3,3,12,7,5,0,2
276,Albany,-9.124370364772204,89.3,98.5,67.5,31,-8.52,-0.07554629559652559,0.924956624429678,9.24956624429678,-8.985482812764301,-11.606117985521145,26.14650042152614,1.3201989847078774,1.414358975288754,276,-5.24,0.526,0,2,1,3,0,2,13,10,0,5
277,Georgia Southern,-8.410120593934863,93.4,101.8,68.1,25,-10.71,0.2874849257581422,0.8996888938001147,8.996888938001147,-9.018757449645362,-10.397189393531722,31.467315321113745,1.161955837955359,1.1795097385005051,277,-3.56,0.353,0,0,0,3,3,7,7,5,0,0
278,Howard,-8.45583100265651,95.4,103.9,72.1,26,-11.72,0.4080211246679364,0.8821519578703799,8.8215195787038,-9.282760185146122,-10.392478762925286,29.387670352956427,1.1892520646932652,1.313977536569806,278,-7.81,0.4,0,1,1,1,0,5,11,7,1,2
279,Air Force,-8.367946976235274,95.6,104.0,64.5,30,-12.68,0.5390066279705907,0.8601444285900286,8.601444285900286,-9.328788844406194,-10.412715853521707,21.21807902523644,1.5369218173199721,1.623310304527459,279,1.73,0.188,0,5,1,4,2,9,8,1,2,11
280,Presbyterian,-9.955431168258173,93.5,103.4,66.3,29,-7.81,-0.26817889603227163,0.9022723296797716,9.022723296797716,-9.446324242054672,-14.03081021287452,30.008453661148717,1.1515714976678961,1.3196911136008345,280,-3.3,0.222,0,2,0,4,0,5,9,9,0,4
281,New Orleans,-9.137636300229858,94.0,103.2,74.2,27,-11.17,0.2540454624712678,0.9041258183545565,9.041258183545565,-9.64747213445378,-8.982428739002948,30.886519035111007,1.1205640000701804,1.2935755612917477,281,-6.76,0.267,0,2,0,2,1,2,13,7,0,4
282,Utah Tech,-10.825032070912343,92.1,102.9,73.4,25,-7.08,-0.46812900886404285,0.872451066674353,8.72451066674353,-9.856194522079011,-11.339644281671767,30.251787230381623,1.1637481635275284,1.2782801020772523,282,-0.08,0.2,0,2,0,4,2,8,5,4,0,5
283,Bowling Green State,-11.958011893399558,99.2,111.2,75.3,28,0.0,-1.4947514866749447,0.5945657928457168,5.945657928457168,-9.863539358136855,-13.225138601338493,26.91989206070734,1.266199602322148,1.4224124697908598,283,-3.58,0.231,0,1,0,3,1,7,9,7,0,3
284,Radford,-12.06270599721529,92.2,104.2,65.9,27,-0.1,-1.4953382496519112,0.5943536099411226,5.943536099411226,-9.904444214796523,-12.480133106000828,38.47293954438503,0.9238461068420963,1.028400910162183,284,-4.1,0.188,0,4,0,1,0,7,9,6,0,5
285,USC Upstate,-9.40430148619319,98.8,108.2,70.4,28,-11.49,0.26071231422585117,0.9032554608758218,9.032554608758218,-9.913021068798232,-11.380621821348598,29.521850144572923,1.2177247392938289,1.258548265434124,285,-3.78,0.412,0,2,0,1,2,8,9,6,0,4
286,Merrimack,-10.580946648261971,92.7,103.3,64.2,30,-7.77,-0.35136833103274645,0.8907035268920764,8.907035268920765,-9.937433186954271,-11.059829102344676,21.861460363860395,1.4193032975832196,1.7294242718190718,286,-6.63,0.471,0,4,0,0,1,2,13,10,0,4
287,Cal Poly,-11.50166999053333,91.1,102.6,67.0,25,-5.18,-0.7902087488166663,0.8084061578302439,8.084061578302439,-9.956975444483575,-14.044526508491263,27.798524906114018,1.2260156587620334,1.4021985112428168,287,-3.41,0.176,0,1,0,2,2,10,4,6,0,2
288,SIUE,-10.961131926195804,91.6,102.6,70.7,30,-7.04,-0.49014149077447555,0.8687313296364769,8.687313296364769,-10.080633938178577,-14.984247886959423,24.745026830109445,1.3001889986804847,1.594154404782144,288,-3.75,0.167,0,3,0,3,1,4,8,11,0,7
289,Austin Peay,-11.89293173010742,92.2,104.1,65.8,26,-4.59,-0.9128664662634276,0.7782850505474902,7.782850505474902,-10.210491525782329,-9.788325250748368,28.058739089551104,1.2687805188606371,1.311761541495057,289,-2.42,0.375,1,3,0,4,0,4,9,5,1,6
290,Lehigh,-11.38956368518484,96.2,107.6,70.1,32,-6.75,-0.5799454606481049,0.8525926208740718,8.525926208740719,-10.41348290625603,-15.429570495088399,19.624155274762952,1.5122336541065542,1.8664199573310247,290,-7.67,0.25,0,3,0,3,2,2,10,12,0,3
291,UT Rio Grande Valley,-11.538786776780043,96.7,108.2,74.2,27,-7.75,-0.47359834709750537,0.8715353300910199,8.715353300910198,-10.614237184249111,-14.452236143802477,25.954418495831767,1.259741417674988,1.5324599840880453,291,-0.26,0.214,0,3,0,2,1,12,5,4,0,5
292,Binghamton,-10.450634554915638,92.5,102.9,69.4,26,-11.52,0.1336706806355452,0.9186761234157662,9.186761234157663,-10.7298306125088,-12.411816753026056,24.96255578710414,1.2370148682090563,1.6897572097102258,292,-4.91,0.4,0,3,0,1,0,2,9,11,0,4
293,Alcorn St.,-9.734504867726613,93.1,102.9,70.6,32,-14.57,0.6044368915341733,0.847915495554968,8.47915495554968,-10.747394404535756,-7.3093074447073185,33.72595343344183,1.0709515531352867,1.1398406749811179,293,-4.07,0.45,0,5,0,3,1,3,16,4,0,7
294,Prairie View A&M,-9.19310625966888,94.8,104.0,72.2,26,-16.56,0.9208617175413898,0.7762086856676494,7.762086856676494,-10.886795080478503,-11.40569389668865,32.16096605609589,1.0833952586462412,1.2463737556274899,294,-2.52,0.167,0,6,0,3,0,2,7,8,0,9
295,North Alabama,-13.32606073072121,89.6,103.0,69.3,25,-2.66,-1.3332575913401512,0.6513806647899218,6.5138066478992185,-11.121418871014296,-14.311396476749891,34.21680283858052,1.066392021822511,1.1093514817106764,295,-2.12,0.133,0,3,0,2,1,6,4,9,0,3
296,Louisiana Monroe,-9.862334540715167,98.2,108.1,69.9,27,-15.56,0.7122081824106041,0.8258775493881707,8.258775493881707,-11.196916902364205,-10.879135068583324,22.64145520499365,1.4924691142482645,1.5260924413774073,296,-2.54,0.312,0,3,1,1,2,7,7,6,0,3
297,Western Carolina,-11.592528595024191,95.6,107.2,70.3,30,-10.02,-0.19656607437802398,0.9113435287594424,9.113435287594424,-11.226129236766079,-13.477063498649063,21.933909627134934,1.4027745920315011,1.7495331754736965,297,-1.39,0.167,0,1,0,3,2,12,8,4,1,4
298,Evansville,-12.431522953245334,92.9,105.4,65.5,29,-7.76,-0.5839403691556668,0.851837917722174,8.518379177221739,-11.37087468635543,-15.179313338590738,15.746432134200507,1.7494193832203577,2.06496444382312,298,2.22,0.125,0,4,0,8,1,9,4,3,0,12
299,Robert Morris,-13.470320161921236,96.9,110.3,68.5,31,-2.74,-1.3412900202401545,0.6486396456644818,6.486396456644819,-11.613617004085084,-18.8709048895245,25.162146307622628,1.258224933912369,1.6237660228406858,299,-5.93,0.222,0,2,0,1,0,7,7,14,0,2
300,FIU,-11.352758209423385,94.0,105.4,68.5,29,-12.8,0.18090522382207697,0.9132232911018066,9.132232911018065,-11.699356037590055,-12.417459056050095,34.139015597908994,1.055425231443353,1.1324627375353296,300,-4.16,0.083,0,1,0,3,1,8,11,5,0,1
301,Morgan St.,-10.600517299591061,92.1,102.7,74.4,22,-14.85,0.5311853375511173,0.8615497794125357,8.615497794125357,-11.796362916008647,-9.46376778893497,21.696417307112796,1.427940775507548,1.7353526624176814,301,-7.64,0.286,0,1,0,1,0,5,9,6,0,1
302,Sacramento St.,-12.229074634148631,94.8,107.0,65.8,26,-10.59,-0.2048843292685789,0.9103302122297748,9.103302122297748,-11.804015147047794,-12.87528028444644,22.090156367569932,1.455971051320352,1.641033570951407,302,-4.84,0.357,0,1,0,1,2,7,7,8,0,1
303,Central Michigan,-12.308577520295358,93.5,105.9,69.2,30,-10.28,-0.2535721900369199,0.9041873372336616,9.041873372336616,-11.83877063143137,-15.388842597809884,20.28060720831759,1.5010030315581722,1.7952381455050213,303,-0.64,0.278,0,3,1,5,1,8,5,7,0,7
304,North Carolina A&T,-11.13220505971978,94.0,105.1,69.1,28,-15.17,0.5047243675350275,0.8662166614381138,8.662166614381139,-12.08621448571188,-13.972172036965063,30.126282862327542,1.1130524702490825,1.376140469640244,304,-4.62,0.222,0,1,0,2,3,9,6,7,0,1
305,Stetson,-11.729852681937999,94.3,106.1,68.6,25,-13.23,0.18751841475775022,0.912433953542149,9.12433953542149,-12.130969704845986,-14.912339179453305,23.928294943988064,1.339946828886422,1.617630926898626,305,-3.17,0.214,0,1,0,3,2,6,4,9,0,1
306,McNeese,-13.946688634141253,96.1,110.0,71.4,29,4.66,-2.3258360792676567,0.2965555998306271,2.965555998306271,-12.220481303647192,-16.4324106340835,42.344582687557725,0.8237614589104749,0.9370262826972678,306,-3.91,0.15,0,3,0,3,0,7,6,10,0,6
307,Denver,-11.842237013458089,97.2,109.1,68.4,29,-14.15,0.28847037331773895,0.8995554117899988,8.995554117899987,-12.38860638005049,-14.864496274575316,32.2464815706403,1.0555771045491233,1.2877341664636026,307,-5.51,0.235,0,0,0,3,1,8,8,9,0,3
308,Northern Illinois,-11.744097694886563,91.3,103.1,68.7,29,-14.61,0.3582377881391796,0.889696360827995,8.89696360827995,-12.416917522275295,-13.278531926192738,23.496218347586964,1.341208833256613,1.6663168526409724,308,-2.05,0.333,0,3,3,2,1,7,5,8,1,5
309,South Carolina St.,-13.824793351674472,90.1,104.0,72.0,28,-7.91,-0.739349168959309,0.8199451980519632,8.199451980519632,-12.485047543150896,-12.682135360987413,35.973662284084,0.9856372987114972,1.10674432608547,309,-8.8,0.412,0,1,0,0,1,4,11,11,0,1
310,St. Thomas,-14.832875764453775,101.1,116.0,66.7,26,0.2,-1.8791094705567217,0.45173470679643796,4.51734706796438,-12.607626069374108,-14.616266108805263,22.474032247989072,1.4112955516696288,1.6674404718898677,310,-5.18,0.2,0,0,0,2,0,9,7,8,0,3
311,Tennessee Martin,-13.792035193139242,92.2,106.0,71.3,27,-9.23,-0.5702543991424052,0.8544102091196593,8.544102091196592,-12.695411783331192,-15.203394445874316,24.73607064172606,1.2699330135109523,1.6512978223202475,311,-2.55,0.143,0,1,0,7,0,4,6,9,0,5
312,Little Rock,-14.729140765503544,95.5,110.2,67.4,25,-6.49,-1.029892595687943,0.746524470030317,7.4652447003031694,-12.83458544942571,-14.535650650456212,25.68586990608612,1.2682264001320944,1.5464920808773885,312,-0.35,0.154,0,2,0,1,3,12,2,5,0,3
313,Lafayette,-14.440590802833654,96.2,110.7,65.8,29,-7.1,-0.9175738503542068,0.7770642155333598,7.770642155333598,-12.889323242789713,-15.568075876322425,21.91505576594225,1.4613931631924801,1.6532992037338918,313,-6.83,0.267,1,2,0,1,0,6,8,11,1,2
314,Alabama St.,-13.647643095750468,94.7,108.4,71.7,29,-10.45,-0.39970538696880853,0.8834425438084077,8.834425438084077,-12.900986071627244,-13.30993384370251,28.459857283067272,1.1790930946570075,1.4178389396501836,314,-4.88,0.176,0,7,0,1,0,3,9,9,0,7
315,UTSA,-14.916107203631313,91.5,106.4,70.8,29,0.54,-1.932013400453914,0.43216581548731525,4.321658154873153,-12.91152473571477,-15.037144116841656,26.359255674389217,1.3396238195461545,1.3658030102807586,315,-1.73,0.143,0,3,0,5,1,10,6,4,0,6
316,Army,-13.11231245905961,93.4,106.5,70.8,29,-12.39,-0.09028905738245108,0.9234071422988529,9.23407142298853,-12.937863738626959,-12.414204458376297,23.17022171987756,1.3396994776937117,1.709006318863293,316,-7.65,0.25,0,1,0,2,1,3,12,10,0,2
317,St. Francis (NY),-14.97642679519646,91.7,106.7,68.6,29,0.0,-1.8720533493995575,0.45435741129227236,4.543574112922723,-12.94782647784024,-15.546104350630376,22.281140166803535,1.4725692463103184,1.5938698379461878,317,-7.34,0.412,0,3,1,0,0,3,8,14,0,3
318,Alabama A&M,-12.29488719416527,86.1,98.4,68.7,29,-15.51,0.40188910072934125,0.8831048284862343,8.831048284862343,-13.045403442507425,-13.282158205449356,27.176262646677714,1.2758734428407994,1.3824998708652099,318,-9.37,0.263,0,1,0,2,0,5,12,9,0,1
319,Idaho,-14.917372905948625,96.7,111.6,72.1,28,-6.63,-1.0359216132435782,0.7448093905631175,7.448093905631175,-13.17609079924885,-17.882701327312667,21.581900694134635,1.460011811642687,1.6958448693301404,319,-4.35,0.071,0,0,0,2,2,8,4,12,1,2
320,Coppin St.,-13.212402851714259,88.7,102.0,74.1,31,-13.31,0.012199643535717675,0.9312915716762642,9.312915716762642,-13.234949323484436,-15.537237265894504,30.16263073938087,1.2320247928661865,1.1850473593688657,320,-4.81,0.273,0,3,0,2,0,9,9,8,0,6
321,Grambling St.,-13.17361249180722,91.7,104.9,71.1,30,-14.47,0.16204843852409767,0.9154387505824902,9.154387505824902,-13.476710927606835,-13.591567076780542,31.39443003759338,1.112169139692456,1.2634509891031898,321,-3.37,0.273,0,6,0,2,2,3,7,10,0,7
322,Eastern Michigan,-13.679356057467444,92.5,106.1,71.6,29,-12.88,-0.09991950718343046,0.9223791823089462,9.223791823089462,-13.48646326701039,-14.336947479182317,26.588705780655147,1.2731157534102648,1.4440730904800152,322,-2.59,0.133,0,2,0,2,0,10,9,6,0,4
323,Sacred Heart,-14.921742046500299,98.2,113.2,69.7,29,-8.83,-0.7614677558125373,0.814994885373689,8.149948853736891,-13.58533681201121,-16.78971908423426,31.27736822165556,1.1694412848934612,1.1837897989568436,323,-8.69,0.235,0,1,0,0,1,3,8,16,0,1
324,North Carolina Central,-13.534144420656233,93.4,106.9,69.3,27,-13.94,0.050731947417970824,0.9274997206859175,9.274997206859174,-13.637915879089036,-11.322229411486475,26.542496886082866,1.220136441967342,1.5408536240438266,324,-6.46,0.25,0,2,0,1,0,6,11,7,0,3
325,Western Michigan,-14.568192370817641,94.2,108.8,65.8,28,-11.12,-0.43102404635220526,0.8785173209385067,8.785173209385066,-13.744682119432325,-15.433780780965467,25.04968601556026,1.4411845182085936,1.3531710407192765,325,-1.49,0.235,0,3,0,3,2,8,4,8,0,5
326,Hampton,-15.900280152390607,90.0,105.9,71.4,25,-6.04,-1.232535019048826,0.6848600039170031,6.848600039170031,-13.779963562184541,-15.494227937500753,35.987247795442755,0.9527702433973502,1.1633548412955337,326,-6.19,0.133,0,0,0,2,0,7,6,10,0,1
327,Northwestern St.,-15.3304925269223,95.0,110.3,73.5,29,-8.37,-0.8700615658652875,0.7891663416785141,7.891663416785141,-13.841541930768729,-15.658068765551139,26.228873169268347,1.2934969615302359,1.4474086031252666,327,-2.17,0.118,0,7,0,0,0,6,6,10,0,7
328,American,-15.682435624836145,91.9,107.6,66.4,33,-5.95,-1.2165544531045183,0.6900104853297735,6.900104853297735,-13.999361694673546,-18.9766929482857,20.029855715772506,1.4897659592256802,1.8490533541289351,328,-8.31,0.19,0,0,0,3,0,6,10,14,0,0
329,Maryland Eastern Shore,-14.35192339700761,88.2,102.5,69.4,22,-13.38,-0.12149042462595117,0.9200307099349111,9.20030709934911,-14.065323854860823,-10.368215668489107,24.3746336293423,1.338972315931556,1.5687830511880878,329,-7.13,0.312,0,1,0,2,1,3,7,8,0,1
330,Florida A&M,-15.005614613672279,91.8,106.8,67.1,27,-11.87,-0.39195182670903495,0.884634810640884,8.84634810640884,-14.231791341138461,-12.130119369627124,38.58751493680609,0.8633795557374344,1.130076507639172,330,-6.15,0.294,0,2,0,4,0,3,10,8,0,3
331,Central Arkansas,-13.497431167877807,96.0,109.5,74.3,29,-16.79,0.4115711040152741,0.8815972472279204,8.815972472279205,-14.265022063718233,-12.873800460738416,26.057050257157385,1.2403930623825843,1.5562532793371981,331,-1.0,0.167,0,5,0,1,1,8,8,6,0,5
332,CSUN,-16.573204009891214,91.7,108.2,66.8,26,0.77,-2.1679005012364017,0.34822496275866016,3.4822496275866017,-14.524738697119018,-15.325457079756902,30.017345740453102,1.1941924334480367,1.2513196099933543,332,-0.64,0.154,0,2,0,3,1,9,4,7,0,4
333,Milwaukee,-16.419185737034482,90.5,106.9,68.8,30,0.74,-2.14489821712931,0.35609645022681413,3.560964502268141,-14.598521396673343,-17.053086119274813,22.227980102491337,1.488284130121749,1.5771081986984343,333,-6.75,0.267,0,2,0,0,1,7,8,12,0,2
334,Houston Christian,-16.36949944548587,95.6,112.0,70.6,24,-9.78,-0.823687430685734,0.8005074351753045,8.005074351753045,-14.721341018412554,-14.31885261377716,34.78670390759468,1.097795557665933,1.021947769214002,334,-6.84,0.154,0,3,0,0,0,2,6,13,0,3
335,Idaho St.,-16.650253899929893,91.8,108.5,66.0,27,-7.74,-1.1137817374912367,0.7219846185824169,7.219846185824169,-14.770331287630626,-17.923117057200074,26.10444622339232,1.3106615212206925,1.4329768755303118,335,-5.03,0.125,0,0,0,3,0,8,5,11,0,0
336,Nebraska Omaha,-17.001750879723318,95.7,112.7,72.1,28,-3.21,-1.7239688599654146,0.5097604374438411,5.097604374438411,-14.877582350174407,-17.29364387219639,21.346256316856547,1.5046493035156154,1.6549308615535618,336,-1.36,0.0,0,2,0,4,0,7,4,11,0,8
337,Bethune Cookman,-16.874277925333118,92.5,109.4,67.3,28,-6.98,-1.2367847406666397,0.6834825798251202,6.8348257982512015,-14.932954423077248,-17.068538691484463,28.284780335875936,1.1738678119896426,1.4444678609170045,337,-7.43,0.278,0,1,0,3,2,3,5,14,0,1
338,NJIT,-16.37970697311522,90.1,106.4,67.7,27,-13.11,-0.40871337163940247,0.8820439661580551,8.82043966158055,-15.574572995423013,-11.967667500656535,24.264141656460378,1.4242991245772951,1.4510672430781324,338,-5.07,0.333,0,4,0,2,0,0,10,11,0,6
339,William & Mary,-17.784488595689112,87.7,105.5,70.9,31,-6.93,-1.356811074461139,0.6433154433706701,6.433154433706702,-15.919067353708526,-21.171098264319173,28.364984374489794,1.2103014190854107,1.3739815606268593,339,-2.12,0.067,0,2,0,1,2,11,2,13,0,4
340,Southern Mississippi,-17.72606169711726,93.3,111.1,68.3,32,0.0,-2.2157577121396574,0.33211458749967676,3.3211458749967675,-16.059331039689955,-19.304552634821423,30.43298151805668,1.218680376408183,1.1816406613761405,340,-0.64,0.158,0,3,0,7,1,8,4,9,0,5
341,Chicago St.,-16.300704624050354,93.8,110.1,68.2,33,-15.22,-0.1350880780062942,0.9185171406758492,9.185171406758492,-16.065397835409723,-17.85527473682717,27.47607520876591,1.2194637630982548,1.4449059350187865,341,-0.88,0.105,0,3,0,6,1,9,6,8,1,7
342,Northern Arizona,-18.146981135667374,93.0,111.1,66.6,29,-8.0,-1.2683726419584218,0.6731443234155255,6.731443234155256,-16.2353923127592,-16.695890535249188,29.094572330843363,1.2152283204019954,1.2995139179276156,342,-3.39,0.25,0,2,0,1,0,10,7,9,0,3
343,Saint Francis,-16.967428612788865,91.3,108.3,69.0,29,-14.09,-0.35967857659860814,0.8894840906982486,8.894840906982486,-16.29202612740093,-16.54137136158156,17.766325778236947,1.6302309631520886,1.9372653910887987,343,-7.15,0.278,0,2,0,0,0,6,8,13,0,2
344,Bucknell,-18.621161034594834,97.6,116.2,69.2,32,-6.87,-1.4688951293243542,0.6038797605439351,6.038797605439351,-16.755621438603605,-18.558295732170887,24.353307757792923,1.3082243073268554,1.624659746625915,344,-6.67,0.111,0,0,0,4,0,7,9,12,0,1
345,Maine,-19.118428261512776,92.0,111.1,67.9,27,-9.44,-1.209803532689097,0.6921722997357374,6.9217229973573735,-17.143546281573094,-18.723561329360688,27.616944427058428,1.2661891176574662,1.3558890141283444,345,-4.64,0.067,0,4,0,2,0,1,3,17,0,6
346,Lamar,-19.475895787385298,89.7,109.1,68.6,26,-4.9,-1.8219869734231622,0.47303108417705075,4.730310841770508,-17.232230950195735,-20.317518272387943,34.9815075809816,0.9761875217847993,1.201208958847052,346,-2.46,0.0,0,2,0,2,0,12,0,10,0,2
347,Central Connecticut,-19.450255229140666,89.3,108.7,66.2,32,-9.71,-1.2175319036425831,0.689696788830536,6.89696788830536,-17.723173886137598,-18.876647590813825,24.228664216590992,1.323325687692162,1.6120972144831567,347,-6.7,0.19,0,3,0,0,0,6,8,15,0,3
348,North Dakota,-19.86358855117774,93.2,113.0,69.4,28,-10.52,-1.1679485688972178,0.705385584555295,7.05385584555295,-17.9833866409925,-19.819514946194666,31.464055848190977,1.1666886360854312,1.172852343852971,348,-5.34,0.071,0,0,0,3,0,6,4,15,0,3
349,Green Bay,-19.492584666533332,89.3,108.8,66.8,29,-12.73,-0.8453230833166665,0.7952741897437854,7.952741897437853,-18.037182776146427,-20.33262193624529,27.30759689661994,1.1842644725245757,1.5261866198558758,349,-5.78,0.059,0,1,0,2,0,8,4,14,0,2
350,Columbia,-20.59127376945021,90.3,110.9,72.0,25,-8.19,-1.5501592211812765,0.5743841313621474,5.743841313621473,-18.27435611781835,-18.110966947364503,27.025812412939572,1.180364367307278,1.564426615942228,350,-4.07,0.077,0,0,0,4,1,7,2,11,0,0
351,Incarnate Word,-20.435961607592162,93.5,113.9,65.9,28,-6.75,-1.7107452009490203,0.5147162979670834,5.147162979670834,-18.310775962866007,-17.685764187767454,23.43223804181146,1.3440754306615381,1.6688439536618112,351,-3.45,0.071,0,4,0,0,0,6,5,13,0,4
352,Arkansas Pine Bluff,-18.595337159390823,96.4,115.0,69.6,28,-18.84,0.03058285507614711,0.9295060036022295,9.295060036022294,-18.656314559342707,-16.39515227574016,28.34835077785101,1.1656396328400103,1.4530933430359496,352,-4.14,0.111,0,5,0,2,0,3,5,13,0,6
353,Fairleigh Dickinson,-20.038563309544173,93.5,113.5,71.5,26,-14.31,-0.7160704136930216,0.8250428704798137,8.250428704798138,-18.658635964001324,-17.14604838442249,25.909598640796254,1.2417339619149206,1.5700424499375116,353,-5.98,0.059,0,3,0,2,0,4,4,13,0,4
354,Holy Cross,-20.817203013294773,88.6,109.4,68.9,29,-9.83,-1.3734003766618466,0.6375854153650914,6.375854153650914,-18.83695954934744,-18.926339019725678,29.904154486041257,1.1296693597302299,1.3670566082664481,354,-8.05,0.25,0,0,0,2,2,5,5,15,0,0
355,Charleston Southern,-20.885668249071415,90.2,111.1,70.7,28,-14.53,-0.794458531133927,0.8074168708608187,8.074168708608187,-19.463134077502232,-20.440352604786987,31.527324699837123,1.1132499549045283,1.2502982310154749,355,-4.15,0.133,0,2,0,2,2,5,1,16,0,3
356,Delaware St.,-22.225774562025123,85.7,107.9,71.2,24,-14.94,-0.9107218202531404,0.7788396654665971,7.788396654665971,-20.44070490777448,-20.68334836865864,30.496503054821027,1.2680945776222732,1.112127438769761,356,-6.98,0.0,0,0,0,2,0,7,0,15,0,0
357,Eastern Illinois,-24.36070372500292,83.7,108.0,65.9,29,-12.39,-1.496337965625365,0.5939920154694576,5.939920154694576,-22.32563827530502,-20.087143624024833,25.95366564064851,1.2547802604769032,1.54137514956817,357,-3.34,0.056,0,2,0,6,0,3,3,15,0,6
358,Mississippi Valley St.,-23.06934662654031,90.7,113.7,72.5,27,-23.82,0.09383167168246143,0.9230304611799546,9.230304611799546,-23.260588719841707,-20.211638471449955,26.25489401894726,1.2471374291625779,1.5226296792596279,358,-5.63,0.125,0,3,0,2,0,4,2,16,0,5
359,IUPUI,-30.417117558492293,78.8,109.2,64.7,28,0.0,-3.8021396948115367,0.04401509237833796,0.44015092378337956,-29.946370324130676,-23.335446140501762,21.818783056684296,1.4998336113861734,1.6068176530886162,359,-6.17,0.067,0,1,0,1,0,6,1,19,0,1
